sveitarfel,year,property_type,total_price,total_area,average_price_per_sqm
Akraneskaupstaður,2006,Fjölbýli,29900,148,202.02702702702703
Akraneskaupstaður,2007,Atvinnuhúsnæði,48000,226,212.38938053097345
Akraneskaupstaður,2007,Einbýli,33600,154,218.1818181818182
Akraneskaupstaður,2007,Fjölbýli,126000,609,206.89655172413794
Akraneskaupstaður,2007,Sérbýli,34150,157,217.51592356687897
Akraneskaupstaður,2008,Einbýli,51000,249,204.81927710843374
Akraneskaupstaður,2008,Fjölbýli,39800,170,234.11764705882354
Akraneskaupstaður,2008,Sérbýli,37000,131,282.44274809160305
Akraneskaupstaður,2009,Fjölbýli,17476,79,221.21518987341773
Akraneskaupstaður,2009,Sérbýli,33652,166,202.72289156626505
Akraneskaupstaður,2011,Fjölbýli,17300,85,203.52941176470588
Akraneskaupstaður,2012,Einbýli,62400,288,216.66666666666666
Akraneskaupstaður,2014,Atvinnuhúsnæði,212000,851,249.1186839012926
Akraneskaupstaður,2014,Einbýli,39500,196,201.53061224489795
Akraneskaupstaður,2014,Fjölbýli,96660,434,222.7188940092166
Akraneskaupstaður,2015,Einbýli,71710,349,205.47277936962752
Akraneskaupstaður,2015,Fjölbýli,56200,232,242.24137931034483
Akraneskaupstaður,2015,Sérbýli,61800,284,217.6056338028169
Akraneskaupstaður,2016,Atvinnuhúsnæði,375330,1254,299.3062200956938
Akraneskaupstaður,2016,Einbýli,304000,1327,229.0881688018086
Akraneskaupstaður,2016,Fjölbýli,67800,264,256.8181818181818
Akraneskaupstaður,2016,Sérbýli,145300,593,245.02529510961213
Akraneskaupstaður,2017,Einbýli,286318,1185,241.6185654008439
Akraneskaupstaður,2017,Fjölbýli,183800,769,239.01170351105333
Akraneskaupstaður,2018,Einbýli,207400,667,310.94452773613193
Akraneskaupstaður,2018,Fjölbýli,238600,862,276.79814385150814
Akraneskaupstaður,2018,Sérbýli,235900,774,304.78036175710594
Akraneskaupstaður,2019,Bílskúr/skúr,96400,272,354.4117647058824
Akraneskaupstaður,2019,Einbýli,333800,1109,300.99188458070336
Akraneskaupstaður,2019,Fjölbýli,1915500,6294,304.3374642516683
Akraneskaupstaður,2019,Sérbýli,499800,1285,388.94941634241246
Akraneskaupstaður,2020,Einbýli,804900,2477,324.94953572870406
Akraneskaupstaður,2020,Fjölbýli,858650,2625,327.1047619047619
Akraneskaupstaður,2020,Sérbýli,356200,1015,350.935960591133
Akraneskaupstaður,2021,Einbýli,525200,1571,334.3093570973902
Akraneskaupstaður,2021,Fjölbýli,985269,3028,325.38606340819024
Akraneskaupstaður,2021,Sérbýli,297300,723,411.2033195020747
Akraneskaupstaður,2022,Atvinnuhúsnæði,148000,603,245.43946932006634
Akraneskaupstaður,2022,Einbýli,955500,2047,466.780654616512
Akraneskaupstaður,2022,Fjölbýli,381000,832,457.9326923076923
Akraneskaupstaður,2022,Sérbýli,132500,301,440.19933554817277
Akraneskaupstaður,2023,Atvinnuhúsnæði,94300,280,336.7857142857143
Akraneskaupstaður,2023,Bílskúr/skúr,14000,61,229.50819672131146
Akraneskaupstaður,2023,Einbýli,556250,1193,466.2615255658005
Akraneskaupstaður,2023,Fjölbýli,1052200,2102,500.5708848715509
Akraneskaupstaður,2024,Atvinnuhúsnæði,58500,163,358.8957055214724
Akraneskaupstaður,2024,Bílskúr/skúr,10100,33,306.06060606060606
Akraneskaupstaður,2024,Einbýli,1034350,2136,484.24625468164794
Akraneskaupstaður,2024,Fjölbýli,554600,970,571.7525773195877
Akraneskaupstaður,2024,Sérbýli,119900,191,627.7486910994764
Akureyrarbær,2006,Atvinnuhúsnæði,36000,161,223.6024844720497
Akureyrarbær,2006,Fjölbýli,135667,637,212.97802197802199
Akureyrarbær,2006,Sérbýli,44400,220,201.8181818181818
Akureyrarbær,2007,Einbýli,101000,432,233.7962962962963
Akureyrarbær,2007,Fjölbýli,139150,651,213.74807987711213
Akureyrarbær,2007,Sérbýli,35000,171,204.6783625730994
Akureyrarbær,2008,Einbýli,163560,769,212.69180754226267
Akureyrarbær,2008,Fjölbýli,199600,882,226.30385487528343
Akureyrarbær,2009,Einbýli,80200,372,215.59139784946237
Akureyrarbær,2009,Fjölbýli,127850,569,224.69244288224957
Akureyrarbær,2010,Einbýli,51080,233,219.2274678111588
Akureyrarbær,2010,Fjölbýli,197170,919,214.54842219804135
Akureyrarbær,2010,Sumarhús,22000,78,282.05128205128204
Akureyrarbær,2010,Sérbýli,78759,341,230.96480938416423
Akureyrarbær,2011,Einbýli,30000,144,208.33333333333334
Akureyrarbær,2011,Fjölbýli,260082,1148,226.55226480836237
Akureyrarbær,2011,Sérbýli,266000,1207,220.3811101905551
Akureyrarbær,2012,Einbýli,142200,630,225.71428571428572
Akureyrarbær,2012,Fjölbýli,429245,1886,227.59544008483564
Akureyrarbær,2012,Sumarhús,28500,82,347.5609756097561
Akureyrarbær,2012,Sérbýli,173973,738,235.7357723577236
Akureyrarbær,2013,Einbýli,334050,1389,240.49676025917927
Akureyrarbær,2013,Fjölbýli,232790,1028,226.44941634241246
Akureyrarbær,2013,Sérbýli,285000,1266,225.11848341232226
Akureyrarbær,2014,Atvinnuhúsnæði,38000,170,223.52941176470588
Akureyrarbær,2014,Einbýli,311100,1365,227.9120879120879
Akureyrarbær,2014,Fjölbýli,299144,1168,256.1164383561644
Akureyrarbær,2014,Sérbýli,325200,1334,243.77811094452773
Akureyrarbær,2015,Atvinnuhúsnæði,8900,40,222.5
Akureyrarbær,2015,Bílskúr/skúr,27500,103,266.99029126213594
Akureyrarbær,2015,Einbýli,485375,2140,226.8107476635514
Akureyrarbær,2015,Fjölbýli,553203,2233,247.73981191222572
Akureyrarbær,2015,Sérbýli,347050,1362,254.80910425844345
Akureyrarbær,2016,Atvinnuhúsnæði,57000,222,256.7567567567568
Akureyrarbær,2016,Bílskúr/skúr,5400,24,225
Akureyrarbær,2016,Einbýli,470500,1927,244.16190970420342
Akureyrarbær,2016,Fjölbýli,1168300,4426,263.9629462268414
Akureyrarbær,2016,Sérbýli,597400,2049,291.5568570034163
Akureyrarbær,2017,Atvinnuhúsnæði,111500,504,221.23015873015873
Akureyrarbær,2017,Einbýli,550100,2093,262.82847587195414
Akureyrarbær,2017,Fjölbýli,1562867,5275,296.2781042654028
Akureyrarbær,2017,Sérbýli,604450,1870,323.2352941176471
Akureyrarbær,2018,Atvinnuhúsnæði,84980,360,236.05555555555554
Akureyrarbær,2018,Einbýli,737300,2372,310.8347386172007
Akureyrarbær,2018,Fjölbýli,2550114,7474,341.1980198019802
Akureyrarbær,2018,Sérbýli,447100,1398,319.8140200286123
Akureyrarbær,2019,Annað,18500,88,210.22727272727272
Akureyrarbær,2019,Atvinnuhúsnæði,121280,514,235.9533073929961
Akureyrarbær,2019,Bílskúr/skúr,37500,103,364.07766990291265
Akureyrarbær,2019,Einbýli,384050,1443,266.14691614691617
Akureyrarbær,2019,Fjölbýli,1869579,5364,348.54194630872485
Akureyrarbær,2019,Sérbýli,482500,1395,345.8781362007168
Akureyrarbær,2020,Atvinnuhúsnæði,353955,1432,247.17527932960894
Akureyrarbær,2020,Einbýli,890600,2886,308.5932085932086
Akureyrarbær,2020,Fjölbýli,1941700,5572,348.4745154343144
Akureyrarbær,2020,Sérbýli,804000,2428,331.1367380560132
Akureyrarbær,2021,Annað,29900,132,226.5151515151515
Akureyrarbær,2021,Atvinnuhúsnæði,55179,238,231.84453781512605
Akureyrarbær,2021,Einbýli,761200,2258,337.1124889282551
Akureyrarbær,2021,Fjölbýli,2509691,6574,381.76011560693644
Akureyrarbær,2021,Sérbýli,651200,1696,383.9622641509434
Akureyrarbær,2022,Atvinnuhúsnæði,187700,441,425.6235827664399
Akureyrarbær,2022,Einbýli,868000,2005,432.91770573566083
Akureyrarbær,2022,Fjölbýli,2023075,4025,502.6273291925466
Akureyrarbær,2022,Sérbýli,742800,1445,514.0484429065745
Akureyrarbær,2023,Atvinnuhúsnæði,297860,988,301.47773279352225
Akureyrarbær,2023,Einbýli,631200,1565,403.3226837060703
Akureyrarbær,2023,Fjölbýli,2375300,4396,540.3321201091902
Akureyrarbær,2023,Sérbýli,814975,1539,529.54840805718
Akureyrarbær,2024,Atvinnuhúsnæði,739816,2028,364.8007889546351
Akureyrarbær,2024,Bílskúr/skúr,8500,16,531.25
Akureyrarbær,2024,Einbýli,1142100,2415,472.9192546583851
Akureyrarbær,2024,Fjölbýli,2065800,3495,591.0729613733905
Akureyrarbær,2024,Sérbýli,1680950,2926,574.4873547505126
Bláskógabyggð,2006,Sumarhús,36244,133,272.5112781954887
Bláskógabyggð,2007,Sumarhús,163000,439,371.2984054669704
Bláskógabyggð,2010,Sumarhús,31500,83,379.51807228915663
Bláskógabyggð,2011,Sumarhús,64000,196,326.53061224489795
Bláskógabyggð,2012,Sumarhús,56100,133,421.8045112781955
Bláskógabyggð,2013,Sumarhús,43500,142,306.3380281690141
Bláskógabyggð,2014,Sumarhús,27400,106,258.49056603773585
Bláskógabyggð,2016,Annað,111000,198,560.6060606060606
Bláskógabyggð,2016,Einbýli,42000,147,285.7142857142857
Bláskógabyggð,2016,Sumarhús,30000,101,297.029702970297
Bláskógabyggð,2016,Sérbýli,25000,108,231.4814814814815
Bláskógabyggð,2017,Fjölbýli,4446000,20556,216.28721541155866
Bláskógabyggð,2017,Sumarhús,93700,293,319.7952218430034
Bláskógabyggð,2018,Sumarhús,186600,620,300.96774193548384
Bláskógabyggð,2018,Sérbýli,21000,72,291.6666666666667
Bláskógabyggð,2019,Annað,150000,198,757.5757575757576
Bláskógabyggð,2019,Atvinnuhúsnæði,15000,60,250
Bláskógabyggð,2019,Sumarhús,128300,353,363.4560906515581
Bláskógabyggð,2020,Sumarhús,131900,356,370.5056179775281
Bláskógabyggð,2020,Sérbýli,282400,825,342.3030303030303
Bláskógabyggð,2021,Sumarhús,318900,797,400.1254705144291
Bláskógabyggð,2021,Sérbýli,28400,112,253.57142857142858
Bláskógabyggð,2022,Sumarhús,258500,490,527.5510204081633
Bláskógabyggð,2022,Sérbýli,78000,159,490.5660377358491
Bláskógabyggð,2023,Einbýli,192330,639,300.98591549295776
Bláskógabyggð,2023,Sumarhús,167500,396,422.979797979798
Bláskógabyggð,2023,Sérbýli,94500,199,474.8743718592965
Bláskógabyggð,2024,Annað,190000,295,644.0677966101695
Bláskógabyggð,2024,Atvinnuhúsnæði,225000,1080,208.33333333333334
Bláskógabyggð,2024,Einbýli,206850,355,582.6760563380282
Bláskógabyggð,2024,Fjölbýli,156600,270,580
Bláskógabyggð,2024,Sumarhús,413500,687,601.8922852983989
Bolungarvíkurkaupstaður,2013,Fjölbýli,28000,101,277.2277227722772
Bolungarvíkurkaupstaður,2016,Einbýli,5500,25,220
Bolungarvíkurkaupstaður,2017,Fjölbýli,22500,101,222.77227722772278
Bolungarvíkurkaupstaður,2020,Fjölbýli,30000,83,361.4457831325301
Bolungarvíkurkaupstaður,2021,Einbýli,54000,263,205.32319391634982
Bolungarvíkurkaupstaður,2022,Einbýli,41900,180,232.77777777777777
Bolungarvíkurkaupstaður,2022,Fjölbýli,30500,107,285.04672897196264
Bolungarvíkurkaupstaður,2023,Fjölbýli,22000,82,268.2926829268293
Borgarbyggð,2006,Einbýli,14500,69,210.14492753623188
Borgarbyggð,2006,Sumarhús,6000,30,200
Borgarbyggð,2007,Fjölbýli,38200,190,201.05263157894737
Borgarbyggð,2007,Sumarhús,30200,125,241.6
Borgarbyggð,2008,Fjölbýli,31875,134,237.87313432835822
Borgarbyggð,2008,Sérbýli,18300,69,265.2173913043478
Borgarbyggð,2010,Sérbýli,15800,69,228.9855072463768
Borgarbyggð,2011,Sumarhús,12000,50,240
Borgarbyggð,2013,Sumarhús,14500,45,322.22222222222223
Borgarbyggð,2014,Sumarhús,29900,115,260
Borgarbyggð,2015,Einbýli,18500,89,207.86516853932585
Borgarbyggð,2015,Sumarhús,33600,129,260.4651162790698
Borgarbyggð,2016,Einbýli,18000,69,260.8695652173913
Borgarbyggð,2016,Fjölbýli,22800,71,321.1267605633803
Borgarbyggð,2016,Sumarhús,71900,217,331.33640552995394
Borgarbyggð,2016,Sérbýli,42700,187,228.34224598930481
Borgarbyggð,2017,Einbýli,81400,378,215.34391534391534
Borgarbyggð,2017,Fjölbýli,107700,360,299.1666666666667
Borgarbyggð,2017,Sumarhús,105500,400,263.75
Borgarbyggð,2018,Einbýli,275400,1196,230.26755852842808
Borgarbyggð,2018,Fjölbýli,115500,457,252.73522975929978
Borgarbyggð,2018,Sumarhús,105350,332,317.3192771084337
Borgarbyggð,2018,Sérbýli,19430,69,281.59420289855075
Borgarbyggð,2019,Einbýli,63550,283,224.55830388692578
Borgarbyggð,2019,Fjölbýli,127500,436,292.43119266055044
Borgarbyggð,2019,Sumarhús,51200,193,265.2849740932642
Borgarbyggð,2019,Sérbýli,38500,144,267.3611111111111
Borgarbyggð,2020,Einbýli,104000,450,231.11111111111111
Borgarbyggð,2020,Fjölbýli,90500,322,281.055900621118
Borgarbyggð,2020,Sumarhús,116308,359,323.97771587743733
Borgarbyggð,2020,Sérbýli,20000,69,289.8550724637681
Borgarbyggð,2021,Einbýli,341750,1190,287.1848739495798
Borgarbyggð,2021,Fjölbýli,96900,257,377.0428015564202
Borgarbyggð,2021,Sumarhús,208521,562,371.0338078291815
Borgarbyggð,2021,Sérbýli,25000,69,362.3188405797101
Borgarbyggð,2022,Atvinnuhúsnæði,28000,128,218.75
Borgarbyggð,2022,Einbýli,432000,1289,335.1435221101629
Borgarbyggð,2022,Fjölbýli,72900,201,362.6865671641791
Borgarbyggð,2022,Sumarhús,551300,1141,483.1726555652936
Borgarbyggð,2023,Atvinnuhúsnæði,775000,1306,593.4150076569679
Borgarbyggð,2023,Einbýli,464034,912,508.8092105263158
Borgarbyggð,2023,Fjölbýli,36500,96,380.2083333333333
Borgarbyggð,2023,Sumarhús,177000,406,435.9605911330049
Borgarbyggð,2024,Einbýli,241724,568,425.57042253521126
Borgarbyggð,2024,Fjölbýli,258700,801,322.9712858926342
Borgarbyggð,2024,Sumarhús,92000,216,425.9259259259259
Borgarbyggð,2024,Sérbýli,97367,321,303.3239875389408
Dalabyggð,2016,Sumarhús,8000,25,320
Dalabyggð,2017,Annað,29500,86,343.0232558139535
Dalabyggð,2017,Sumarhús,29500,86,343.0232558139535
Dalabyggð,2018,Einbýli,26000,124,209.67741935483872
Dalabyggð,2019,Annað,23940,116,206.3793103448276
Dalabyggð,2019,Sumarhús,22000,86,255.8139534883721
Dalabyggð,2021,Fjölbýli,19000,87,218.39080459770116
Dalabyggð,2022,Sumarhús,35000,95,368.42105263157896
Dalabyggð,2022,Sérbýli,77000,320,240.625
Dalabyggð,2023,Sumarhús,15800,52,303.84615384615387
Dalvíkurbyggð,2014,Einbýli,31500,153,205.88235294117646
Dalvíkurbyggð,2015,Einbýli,32000,153,209.15032679738562
Dalvíkurbyggð,2015,Sumarhús,30000,138,217.3913043478261
Dalvíkurbyggð,2016,Sérbýli,16200,80,202.5
Dalvíkurbyggð,2017,Sumarhús,14500,52,278.84615384615387
Dalvíkurbyggð,2017,Sérbýli,37900,160,236.875
Dalvíkurbyggð,2018,Einbýli,147500,670,220.1492537313433
Dalvíkurbyggð,2019,Einbýli,43000,183,234.97267759562843
Dalvíkurbyggð,2019,Sérbýli,61700,152,405.92105263157896
Dalvíkurbyggð,2020,Einbýli,57600,227,253.7444933920705
Dalvíkurbyggð,2020,Fjölbýli,16000,78,205.12820512820514
Dalvíkurbyggð,2020,Sérbýli,29500,97,304.12371134020617
Dalvíkurbyggð,2021,Fjölbýli,22500,106,212.26415094339623
Dalvíkurbyggð,2021,Sérbýli,154900,390,397.1794871794872
Dalvíkurbyggð,2022,Einbýli,132000,321,411.21495327102804
Dalvíkurbyggð,2022,Sérbýli,137800,290,475.17241379310343
Dalvíkurbyggð,2023,Einbýli,42000,111,378.3783783783784
Dalvíkurbyggð,2023,Sumarhús,34500,60,575
Dalvíkurbyggð,2024,Einbýli,147000,362,406.0773480662983
Dalvíkurbyggð,2024,Fjölbýli,39100,106,368.8679245283019
Dalvíkurbyggð,2024,Sérbýli,107000,181,591.1602209944751
Eyjafjarðarsveit,2008,Einbýli,31700,153,207.18954248366012
Eyjafjarðarsveit,2008,Fjölbýli,20050,97,206.70103092783506
Eyjafjarðarsveit,2012,Einbýli,24500,96,255.20833333333334
Eyjafjarðarsveit,2013,Einbýli,33300,153,217.64705882352942
Eyjafjarðarsveit,2015,Fjölbýli,23236,97,239.5463917525773
Eyjafjarðarsveit,2018,Einbýli,92800,354,262.14689265536725
Eyjafjarðarsveit,2018,Sumarhús,24500,45,544.4444444444445
Eyjafjarðarsveit,2019,Einbýli,52500,153,343.1372549019608
Eyjafjarðarsveit,2019,Sérbýli,32430,142,228.38028169014083
Eyjafjarðarsveit,2020,Einbýli,199000,548,363.13868613138686
Eyjafjarðarsveit,2020,Fjölbýli,32700,97,337.11340206185565
Eyjafjarðarsveit,2020,Sérbýli,69000,284,242.95774647887325
Eyjafjarðarsveit,2021,Sérbýli,188300,426,442.018779342723
Eyjafjarðarsveit,2022,Annað,6000,19,315.7894736842105
Eyjafjarðarsveit,2022,Einbýli,100000,262,381.6793893129771
Eyjafjarðarsveit,2022,Fjölbýli,39000,98,397.9591836734694
Eyjafjarðarsveit,2023,Fjölbýli,75000,54,1388.888888888889
Fjallabyggð,2018,Fjölbýli,15500,65,238.46153846153845
Fjallabyggð,2020,Einbýli,30000,130,230.76923076923077
Fjallabyggð,2020,Fjölbýli,18500,69,268.1159420289855
Fjallabyggð,2021,Einbýli,29900,130,230
Fjallabyggð,2021,Sérbýli,23000,98,234.69387755102042
Fjallabyggð,2022,Einbýli,44900,179,250.83798882681563
Fjallabyggð,2022,Fjölbýli,25000,124,201.61290322580646
Fjallabyggð,2023,Einbýli,77000,252,305.55555555555554
Fjallabyggð,2023,Fjölbýli,31000,124,250
Fjallabyggð,2023,Sumarhús,8000,19,421.05263157894734
Fjallabyggð,2023,Sérbýli,76900,274,280.6569343065693
Fjallabyggð,2024,Fjölbýli,67100,189,355.02645502645504
Fjallabyggð,2024,Sumarhús,23000,83,277.10843373493975
Fjallabyggð,2024,Sérbýli,70000,246,284.5528455284553
Fjarðabyggð,2008,Einbýli,12200,52,234.6153846153846
Fjarðabyggð,2008,Fjölbýli,22407,81,276.6296296296296
Fjarðabyggð,2017,Einbýli,120500,518,232.62548262548262
Fjarðabyggð,2017,Fjölbýli,28200,100,282
Fjarðabyggð,2018,Einbýli,50000,233,214.59227467811158
Fjarðabyggð,2018,Sérbýli,62900,197,319.28934010152284
Fjarðabyggð,2019,Einbýli,165500,757,218.62615587846764
Fjarðabyggð,2019,Fjölbýli,13800,56,246.42857142857142
Fjarðabyggð,2019,Sérbýli,48000,237,202.53164556962025
Fjarðabyggð,2020,Einbýli,157700,684,230.55555555555554
Fjarðabyggð,2020,Sérbýli,70600,315,224.12698412698413
Fjarðabyggð,2021,Einbýli,120900,515,234.75728155339806
Fjarðabyggð,2021,Fjölbýli,36000,139,258.9928057553957
Fjarðabyggð,2021,Sérbýli,34000,157,216.56050955414014
Fjarðabyggð,2022,Einbýli,271000,985,275.1269035532995
Fjarðabyggð,2022,Fjölbýli,107500,368,292.1195652173913
Fjarðabyggð,2022,Sérbýli,213600,489,436.80981595092027
Fjarðabyggð,2023,Atvinnuhúsnæði,147500,684,215.64327485380116
Fjarðabyggð,2023,Einbýli,479800,1553,308.9504185447521
Fjarðabyggð,2023,Fjölbýli,50000,183,273.224043715847
Fjarðabyggð,2023,Sérbýli,162400,392,414.2857142857143
Fjarðabyggð,2024,Einbýli,240100,739,324.89851150202975
Fjarðabyggð,2024,Fjölbýli,84300,158,533.5443037974684
Fjarðabyggð,2024,Sérbýli,49000,157,312.1019108280255
Flóahreppur,2014,Sumarhús,9800,44,222.72727272727272
Flóahreppur,2016,Einbýli,24400,107,228.0373831775701
Flóahreppur,2016,Sumarhús,24500,106,231.1320754716981
Flóahreppur,2018,Sumarhús,33000,123,268.2926829268293
Flóahreppur,2019,Annað,33000,20,1650
Flóahreppur,2019,Einbýli,45000,189,238.0952380952381
Flóahreppur,2020,Einbýli,103200,444,232.43243243243242
Flóahreppur,2021,Einbýli,38500,107,359.8130841121495
Flóahreppur,2021,Sumarhús,72500,168,431.54761904761904
Flóahreppur,2022,Atvinnuhúsnæði,51000,243,209.87654320987653
Flóahreppur,2022,Sumarhús,21000,43,488.3720930232558
Flóahreppur,2023,Einbýli,125500,307,408.7947882736156
Garðabær,2006,Atvinnuhúsnæði,24500,75,326.6666666666667
Garðabær,2006,Einbýli,144000,646,222.91021671826624
Garðabær,2006,Fjölbýli,451950,1864,242.46244635193133
Garðabær,2006,Sérbýli,67000,290,231.0344827586207
Garðabær,2007,Atvinnuhúsnæði,580500,2739,211.93866374589265
Garðabær,2007,Einbýli,1178050,4522,260.51525873507296
Garðabær,2007,Fjölbýli,1303740,4542,287.04095112285336
Garðabær,2007,Sérbýli,220420,888,248.22072072072072
Garðabær,2008,Atvinnuhúsnæði,300000,1300,230.76923076923077
Garðabær,2008,Einbýli,320000,1168,273.972602739726
Garðabær,2008,Fjölbýli,607029,2018,300.80723488602575
Garðabær,2008,Sérbýli,169500,628,269.90445859872614
Garðabær,2009,Einbýli,282500,732,385.92896174863387
Garðabær,2009,Fjölbýli,491300,2058,238.72691933916423
Garðabær,2010,Einbýli,433000,1738,249.13693901035674
Garðabær,2010,Fjölbýli,508000,2121,239.5096652522395
Garðabær,2010,Sérbýli,167900,720,233.19444444444446
Garðabær,2011,Atvinnuhúsnæði,1244338,4183,297.47501792971553
Garðabær,2011,Einbýli,505900,2047,247.14215925744992
Garðabær,2011,Fjölbýli,401440,1564,256.67519181585675
Garðabær,2011,Sérbýli,180800,683,264.71449487554906
Garðabær,2012,Einbýli,660500,2436,271.1412151067324
Garðabær,2012,Fjölbýli,619478,2295,269.92505446623096
Garðabær,2012,Sérbýli,187000,706,264.8725212464589
Garðabær,2013,Einbýli,746300,2762,270.2027516292542
Garðabær,2013,Fjölbýli,586800,1869,313.9646869983949
Garðabær,2013,Sérbýli,268800,1137,236.41160949868075
Garðabær,2014,Einbýli,1124200,3930,286.0559796437659
Garðabær,2014,Fjölbýli,553550,1632,339.18504901960785
Garðabær,2014,Sérbýli,555500,1906,291.4480587618048
Garðabær,2015,Einbýli,1002200,3189,314.2677955471935
Garðabær,2015,Fjölbýli,1855800,5155,360
Garðabær,2015,Sérbýli,359700,1319,272.7065959059894
Garðabær,2016,Atvinnuhúsnæði,454150,2011,225.8329189457981
Garðabær,2016,Einbýli,1433800,4962,288.9560661023781
Garðabær,2016,Fjölbýli,2061650,5428,379.8176123802506
Garðabær,2016,Sérbýli,963600,3057,315.2109911678116
Garðabær,2017,Atvinnuhúsnæði,29000,75,386.6666666666667
Garðabær,2017,Einbýli,1486000,4259,348.9081944118338
Garðabær,2017,Fjölbýli,2057800,4771,431.31418989729616
Garðabær,2017,Sérbýli,487800,1221,399.5085995085995
Garðabær,2018,Atvinnuhúsnæði,24000,75,320
Garðabær,2018,Einbýli,1627350,4316,377.05050973123264
Garðabær,2018,Fjölbýli,2560970,5372,476.72561429635147
Garðabær,2018,Sérbýli,1119400,2700,414.5925925925926
Garðabær,2019,Einbýli,1276500,3027,421.70465807730426
Garðabær,2019,Fjölbýli,3004470,5908,508.542654028436
Garðabær,2019,Sérbýli,1172000,2497,469.36323588305964
Garðabær,2020,Atvinnuhúsnæði,25500,99,257.57575757575756
Garðabær,2020,Einbýli,1941275,4516,429.8660318866253
Garðabær,2020,Fjölbýli,3375987,6748,500.2944576170717
Garðabær,2020,Sérbýli,969850,2095,462.93556085918857
Garðabær,2021,Atvinnuhúsnæði,88000,346,254.33526011560693
Garðabær,2021,Einbýli,2685500,5102,526.3622108976872
Garðabær,2021,Fjölbýli,2751050,4887,562.9322692858605
Garðabær,2021,Sérbýli,1014100,2237,453.3303531515422
Garðabær,2022,Atvinnuhúsnæði,269000,895,300.5586592178771
Garðabær,2022,Einbýli,1773500,2701,656.6086634579785
Garðabær,2022,Fjölbýli,3401600,4818,706.0190950601909
Garðabær,2022,Sérbýli,1896800,3002,631.8454363757495
Garðabær,2023,Atvinnuhúsnæði,1714800,4467,383.88179986568167
Garðabær,2023,Einbýli,981475,1494,656.9444444444445
Garðabær,2023,Fjölbýli,4865940,6167,789.0287011512892
Garðabær,2023,Sérbýli,1276400,1913,667.2242550967068
Garðabær,2024,Atvinnuhúsnæði,72400,168,430.95238095238096
Garðabær,2024,Einbýli,2348000,2886,813.5828135828136
Garðabær,2024,Fjölbýli,3674400,4753,773.0696402272249
Garðabær,2024,Sérbýli,1234803,1776,695.2719594594595
Grindavíkurbær,2007,Atvinnuhúsnæði,63100,202,312.3762376237624
Grindavíkurbær,2012,Sérbýli,25941,127,204.25984251968504
Grindavíkurbær,2013,Einbýli,24750,117,211.53846153846155
Grindavíkurbær,2014,Fjölbýli,17900,80,223.75
Grindavíkurbær,2015,Fjölbýli,14500,53,273.58490566037733
Grindavíkurbær,2017,Einbýli,158000,647,244.20401854714066
Grindavíkurbær,2017,Sérbýli,31300,127,246.45669291338584
Grindavíkurbær,2018,Einbýli,312700,1311,238.52021357742183
Grindavíkurbær,2018,Sérbýli,329800,1198,275.29215358931555
Grindavíkurbær,2019,Atvinnuhúsnæði,32000,100,320
Grindavíkurbær,2019,Einbýli,143600,552,260.1449275362319
Grindavíkurbær,2019,Fjölbýli,71800,213,337.0892018779343
Grindavíkurbær,2019,Sérbýli,264000,812,325.1231527093596
Grindavíkurbær,2020,Atvinnuhúsnæði,15990,78,205
Grindavíkurbær,2020,Einbýli,179400,608,295.0657894736842
Grindavíkurbær,2020,Fjölbýli,228600,577,396.18717504332756
Grindavíkurbær,2020,Sérbýli,370870,1370,270.7080291970803
Grindavíkurbær,2021,Atvinnuhúsnæði,48280,234,206.32478632478632
Grindavíkurbær,2021,Einbýli,202300,661,306.05143721633885
Grindavíkurbær,2021,Fjölbýli,214650,547,392.4131627056673
Grindavíkurbær,2021,Sérbýli,289500,959,301.8769551616267
Grindavíkurbær,2022,Atvinnuhúsnæði,29100,127,229.13385826771653
Grindavíkurbær,2022,Einbýli,92000,341,269.79472140762465
Grindavíkurbær,2022,Fjölbýli,45650,118,386.864406779661
Grindavíkurbær,2022,Sérbýli,410500,794,517.0025188916877
Grindavíkurbær,2023,Atvinnuhúsnæði,152700,498,306.6265060240964
Grindavíkurbær,2023,Einbýli,276000,721,382.8016643550624
Grindavíkurbær,2023,Fjölbýli,43000,89,483.14606741573033
Grindavíkurbær,2023,Sérbýli,176500,419,421.24105011933176
Grindavíkurbær,2024,Einbýli,6999019,14754,474.38111698522437
Grindavíkurbær,2024,Fjölbýli,891262,1665,535.2924924924924
Grindavíkurbær,2024,Sérbýli,3691162,7334,503.29451868012
Grundarfjarðarbær,2009,Fjölbýli,38100,140,272.14285714285717
Grundarfjarðarbær,2013,Fjölbýli,36500,176,207.38636363636363
Grundarfjarðarbær,2015,Fjölbýli,35250,158,223.1012658227848
Grundarfjarðarbær,2016,Fjölbýli,17773,88,201.9659090909091
Grundarfjarðarbær,2018,Fjölbýli,48500,210,230.95238095238096
Grundarfjarðarbær,2019,Fjölbýli,18400,88,209.0909090909091
Grundarfjarðarbær,2020,Fjölbýli,19000,88,215.9090909090909
Grundarfjarðarbær,2021,Fjölbýli,18400,88,209.0909090909091
Grundarfjarðarbær,2022,Fjölbýli,45500,158,287.9746835443038
Grundarfjarðarbær,2023,Einbýli,66500,286,232.5174825174825
Grundarfjarðarbær,2023,Fjölbýli,82000,264,310.6060606060606
Grundarfjarðarbær,2024,Fjölbýli,22000,70,314.2857142857143
Grímsnes-og Grafningshreppur,2006,Sumarhús,83100,319,260.5015673981191
Grímsnes-og Grafningshreppur,2007,Sumarhús,78200,300,260.6666666666667
Grímsnes-og Grafningshreppur,2008,Sumarhús,51600,224,230.35714285714286
Grímsnes-og Grafningshreppur,2010,Sumarhús,89800,366,245.3551912568306
Grímsnes-og Grafningshreppur,2011,Sumarhús,83400,288,289.5833333333333
Grímsnes-og Grafningshreppur,2012,Sumarhús,40150,152,264.14473684210526
Grímsnes-og Grafningshreppur,2013,Sumarhús,117400,385,304.93506493506493
Grímsnes-og Grafningshreppur,2014,Sumarhús,116900,430,271.86046511627904
Grímsnes-og Grafningshreppur,2015,Sumarhús,176500,593,297.6391231028668
Grímsnes-og Grafningshreppur,2016,Sumarhús,246300,765,321.96078431372547
Grímsnes-og Grafningshreppur,2017,Einbýli,37000,117,316.2393162393162
Grímsnes-og Grafningshreppur,2017,Sumarhús,365100,1131,322.81167108753317
Grímsnes-og Grafningshreppur,2018,Sumarhús,276766,901,307.1764705882353
Grímsnes-og Grafningshreppur,2019,Sumarhús,216400,622,347.90996784565914
Grímsnes-og Grafningshreppur,2020,Einbýli,25000,107,233.6448598130841
Grímsnes-og Grafningshreppur,2020,Sumarhús,388950,1199,324.395329441201
Grímsnes-og Grafningshreppur,2021,Annað,39000,55,709.0909090909091
Grímsnes-og Grafningshreppur,2021,Sumarhús,1080250,2346,460.464620630861
Grímsnes-og Grafningshreppur,2022,Sumarhús,246450,408,604.0441176470588
Grímsnes-og Grafningshreppur,2023,Sumarhús,352100,713,493.8288920056101
Grímsnes-og Grafningshreppur,2023,Sérbýli,885000,2505,353.2934131736527
Grímsnes-og Grafningshreppur,2024,Sumarhús,768500,1439,534.0514246004169
Grímsnes-og Grafningshreppur,2024,Sérbýli,333000,958,347.5991649269311
Grýtubakkahreppur,2017,Einbýli,33300,137,243.06569343065692
Grýtubakkahreppur,2020,Sumarhús,20500,59,347.45762711864404
Grýtubakkahreppur,2021,Einbýli,43500,137,317.51824817518246
Hafnarfjarðarkaupstaður,2006,Atvinnuhúsnæði,35000,142,246.4788732394366
Hafnarfjarðarkaupstaður,2006,Einbýli,172000,687,250.36390101892286
Hafnarfjarðarkaupstaður,2006,Fjölbýli,367600,1675,219.46268656716418
Hafnarfjarðarkaupstaður,2006,Sérbýli,42500,199,213.5678391959799
Hafnarfjarðarkaupstaður,2007,Atvinnuhúsnæði,97100,447,217.22595078299776
Hafnarfjarðarkaupstaður,2007,Einbýli,565650,2333,242.4560651521646
Hafnarfjarðarkaupstaður,2007,Fjölbýli,2163850,9005,240.294280955025
Hafnarfjarðarkaupstaður,2007,Sérbýli,151700,634,239.2744479495268
Hafnarfjarðarkaupstaður,2008,Atvinnuhúsnæði,276130,1124,245.66725978647688
Hafnarfjarðarkaupstaður,2008,Einbýli,169100,632,267.5632911392405
Hafnarfjarðarkaupstaður,2008,Fjölbýli,952428,3565,267.16072931276295
Hafnarfjarðarkaupstaður,2009,Atvinnuhúsnæði,55500,112,495.5357142857143
Hafnarfjarðarkaupstaður,2009,Einbýli,281614,1235,228.02753036437247
Hafnarfjarðarkaupstaður,2009,Fjölbýli,677000,2610,259.3869731800766
Hafnarfjarðarkaupstaður,2010,Einbýli,178900,808,221.4108910891089
Hafnarfjarðarkaupstaður,2010,Fjölbýli,339587,1480,229.45067567567568
Hafnarfjarðarkaupstaður,2010,Sérbýli,40900,168,243.45238095238096
Hafnarfjarðarkaupstaður,2011,Einbýli,171600,724,237.01657458563537
Hafnarfjarðarkaupstaður,2011,Fjölbýli,629296,2618,240.37280366692133
Hafnarfjarðarkaupstaður,2011,Sérbýli,187700,835,224.79041916167665
Hafnarfjarðarkaupstaður,2012,Atvinnuhúsnæði,59000,190,310.5263157894737
Hafnarfjarðarkaupstaður,2012,Einbýli,380059,1593,238.5806654111739
Hafnarfjarðarkaupstaður,2012,Fjölbýli,8135219,37948,214.37806999051332
Hafnarfjarðarkaupstaður,2013,Einbýli,428378,1839,232.94072865687875
Hafnarfjarðarkaupstaður,2013,Fjölbýli,1062325,4365,243.3734249713631
Hafnarfjarðarkaupstaður,2013,Sérbýli,176500,767,230.11734028683182
Hafnarfjarðarkaupstaður,2014,Einbýli,644800,2706,238.28529194382853
Hafnarfjarðarkaupstaður,2014,Fjölbýli,1594844,5823,273.8869998282672
Hafnarfjarðarkaupstaður,2014,Sérbýli,229500,967,237.33195449844882
Hafnarfjarðarkaupstaður,2015,Atvinnuhúsnæði,379500,1022,371.3307240704501
Hafnarfjarðarkaupstaður,2015,Einbýli,813900,3207,253.78858746492048
Hafnarfjarðarkaupstaður,2015,Fjölbýli,2164719,7750,279.31858064516126
Hafnarfjarðarkaupstaður,2015,Sérbýli,304000,1204,252.49169435215947
Hafnarfjarðarkaupstaður,2016,Atvinnuhúsnæði,148500,524,283.39694656488547
Hafnarfjarðarkaupstaður,2016,Einbýli,1037800,3923,264.54244200866685
Hafnarfjarðarkaupstaður,2016,Fjölbýli,2938971,9294,316.2224015493867
Hafnarfjarðarkaupstaður,2016,Sérbýli,342900,1163,294.8409286328461
Hafnarfjarðarkaupstaður,2017,Atvinnuhúsnæði,1862100,8378,222.26068274051087
Hafnarfjarðarkaupstaður,2017,Einbýli,582665,1864,312.58851931330474
Hafnarfjarðarkaupstaður,2017,Fjölbýli,2793500,7489,373.01375350514087
Hafnarfjarðarkaupstaður,2017,Sérbýli,408500,1320,309.469696969697
Hafnarfjarðarkaupstaður,2018,Atvinnuhúsnæði,688200,2665,258.2363977485929
Hafnarfjarðarkaupstaður,2018,Einbýli,971750,2643,367.66931517215284
Hafnarfjarðarkaupstaður,2018,Fjölbýli,2766900,6869,402.8097248507789
Hafnarfjarðarkaupstaður,2018,Sérbýli,427200,1232,346.75324675324674
Hafnarfjarðarkaupstaður,2019,Atvinnuhúsnæði,880700,3651,241.22158312791015
Hafnarfjarðarkaupstaður,2019,Bílskúr/skúr,8750,30,291.6666666666667
Hafnarfjarðarkaupstaður,2019,Einbýli,639000,1637,390.34819792302994
Hafnarfjarðarkaupstaður,2019,Fjölbýli,2737250,6453,424.1825507515884
Hafnarfjarðarkaupstaður,2019,Sérbýli,329150,858,383.6247086247086
Hafnarfjarðarkaupstaður,2020,Atvinnuhúsnæði,552350,2330,237.06008583690988
Hafnarfjarðarkaupstaður,2020,Einbýli,1354100,3307,409.46477169640156
Hafnarfjarðarkaupstaður,2020,Fjölbýli,3852250,8721,441.72113289760347
Hafnarfjarðarkaupstaður,2020,Sérbýli,631150,1401,450.4996431120628
Hafnarfjarðarkaupstaður,2021,Atvinnuhúsnæði,2335700,8114,287.8604880453537
Hafnarfjarðarkaupstaður,2021,Einbýli,556400,1096,507.66423357664235
Hafnarfjarðarkaupstaður,2021,Fjölbýli,4153792,8083,513.8923666955338
Hafnarfjarðarkaupstaður,2021,Sérbýli,465700,888,524.436936936937
Hafnarfjarðarkaupstaður,2022,Atvinnuhúsnæði,18159060,39315,461.88630293781
Hafnarfjarðarkaupstaður,2022,Einbýli,1825250,3054,597.6588081204977
Hafnarfjarðarkaupstaður,2022,Fjölbýli,3691184,5814,634.8785689714482
Hafnarfjarðarkaupstaður,2022,Sérbýli,386500,548,705.2919708029198
Hafnarfjarðarkaupstaður,2023,Atvinnuhúsnæði,4996302,12940,386.1129829984544
Hafnarfjarðarkaupstaður,2023,Einbýli,897400,1485,604.3097643097643
Hafnarfjarðarkaupstaður,2023,Fjölbýli,4384280,6328,692.8381795195954
Hafnarfjarðarkaupstaður,2023,Sérbýli,818400,1257,651.073985680191
Hafnarfjarðarkaupstaður,2024,Atvinnuhúsnæði,4892432,12032,406.6183510638298
Hafnarfjarðarkaupstaður,2024,Einbýli,1911050,2960,645.625
Hafnarfjarðarkaupstaður,2024,Fjölbýli,7826251,11013,710.6375192953782
Hafnarfjarðarkaupstaður,2024,Sérbýli,1669900,2448,682.1486928104575
Hrunamannahreppur,2013,Sumarhús,10600,47,225.53191489361703
Hrunamannahreppur,2015,Sumarhús,17000,50,340
Hrunamannahreppur,2016,Sumarhús,84100,359,234.26183844011143
Hrunamannahreppur,2017,Einbýli,45000,225,200
Hrunamannahreppur,2017,Sumarhús,23000,85,270.5882352941176
Hrunamannahreppur,2017,Sérbýli,18500,72,256.94444444444446
Hrunamannahreppur,2018,Sumarhús,22000,80,275
Hrunamannahreppur,2018,Sérbýli,41000,133,308.2706766917293
Hrunamannahreppur,2020,Sérbýli,28400,72,394.44444444444446
Hrunamannahreppur,2021,Annað,142000,695,204.31654676258992
Hrunamannahreppur,2021,Sumarhús,91500,219,417.8082191780822
Hrunamannahreppur,2021,Sérbýli,37900,96,394.7916666666667
Hrunamannahreppur,2022,Einbýli,147000,416,353.36538461538464
Hrunamannahreppur,2022,Sérbýli,44832,98,457.46938775510205
Hrunamannahreppur,2023,Einbýli,35000,156,224.35897435897436
Hrunamannahreppur,2023,Sumarhús,46300,88,526.1363636363636
Hrunamannahreppur,2023,Sérbýli,245000,586,418.0887372013652
Hrunamannahreppur,2024,Fjölbýli,46900,73,642.4657534246576
Hrunamannahreppur,2024,Sumarhús,48500,107,453.2710280373832
Hvalfjarðarsveit,2006,Einbýli,122000,119,1025.2100840336134
Hvalfjarðarsveit,2009,Sumarhús,9200,45,204.44444444444446
Hvalfjarðarsveit,2014,Sumarhús,11000,47,234.04255319148936
Hvalfjarðarsveit,2016,Einbýli,46500,225,206.66666666666666
Hvalfjarðarsveit,2017,Einbýli,24800,119,208.4033613445378
Hvalfjarðarsveit,2017,Sumarhús,24900,76,327.63157894736844
Hvalfjarðarsveit,2018,Sumarhús,17500,57,307.0175438596491
Hvalfjarðarsveit,2019,Sumarhús,24350,89,273.59550561797755
Hvalfjarðarsveit,2020,Einbýli,33400,160,208.75
Hvalfjarðarsveit,2020,Sumarhús,42700,148,288.5135135135135
Hvalfjarðarsveit,2021,Einbýli,106175,389,272.94344473007715
Hvalfjarðarsveit,2021,Sumarhús,184300,488,377.6639344262295
Hvalfjarðarsveit,2022,Fjölbýli,60300,128,471.09375
Hvalfjarðarsveit,2022,Sumarhús,69200,176,393.1818181818182
Hvalfjarðarsveit,2023,Atvinnuhúsnæði,320000,1428,224.08963585434174
Hvalfjarðarsveit,2023,Fjölbýli,99800,160,623.75
Hvalfjarðarsveit,2023,Sumarhús,110700,217,510.13824884792626
Hvalfjarðarsveit,2023,Sérbýli,92050,140,657.5
Hvalfjarðarsveit,2024,Fjölbýli,647000,948,682.4894514767932
Hvalfjarðarsveit,2024,Sumarhús,23900,42,569.047619047619
Hveragerðisbær,2007,Atvinnuhúsnæði,12400,62,200
Hveragerðisbær,2007,Sérbýli,44370,216,205.41666666666666
Hveragerðisbær,2008,Einbýli,66700,312,213.78205128205127
Hveragerðisbær,2008,Sérbýli,22800,108,211.11111111111111
Hveragerðisbær,2010,Einbýli,26300,130,202.30769230769232
Hveragerðisbær,2010,Sérbýli,23000,114,201.75438596491227
Hveragerðisbær,2014,Sérbýli,20500,97,211.340206185567
Hveragerðisbær,2015,Einbýli,40300,194,207.7319587628866
Hveragerðisbær,2015,Sérbýli,73916,340,217.4
Hveragerðisbær,2016,Einbýli,74300,293,253.5836177474403
Hveragerðisbær,2016,Fjölbýli,22500,96,234.375
Hveragerðisbær,2016,Sérbýli,221346,869,254.71346375143844
Hveragerðisbær,2017,Atvinnuhúsnæði,335000,700,478.57142857142856
Hveragerðisbær,2017,Einbýli,559300,1515,369.17491749174917
Hveragerðisbær,2017,Fjölbýli,98400,391,251.66240409207163
Hveragerðisbær,2017,Sérbýli,416200,1283,324.3959469992206
Hveragerðisbær,2018,Einbýli,199000,656,303.3536585365854
Hveragerðisbær,2018,Fjölbýli,89200,281,317.43772241992883
Hveragerðisbær,2018,Sérbýli,126900,472,268.85593220338984
Hveragerðisbær,2019,Einbýli,246000,915,268.8524590163934
Hveragerðisbær,2019,Fjölbýli,215600,475,453.89473684210526
Hveragerðisbær,2019,Sérbýli,378700,953,397.3767051416579
Hveragerðisbær,2020,Einbýli,276300,834,331.294964028777
Hveragerðisbær,2020,Fjölbýli,101700,210,484.2857142857143
Hveragerðisbær,2020,Sérbýli,149419,465,321.3311827956989
Hveragerðisbær,2021,Atvinnuhúsnæði,68500,302,226.82119205298014
Hveragerðisbær,2021,Einbýli,133400,308,433.1168831168831
Hveragerðisbær,2021,Fjölbýli,548200,943,581.3361611876988
Hveragerðisbær,2021,Sérbýli,519400,1188,437.2053872053872
Hveragerðisbær,2022,Atvinnuhúsnæði,60000,190,315.7894736842105
Hveragerðisbær,2022,Einbýli,216600,502,431.47410358565736
Hveragerðisbær,2022,Fjölbýli,307200,517,594.1972920696325
Hveragerðisbær,2022,Sérbýli,656500,1182,555.414551607445
Hveragerðisbær,2023,Atvinnuhúsnæði,61700,190,324.7368421052632
Hveragerðisbær,2023,Einbýli,240400,556,432.37410071942446
Hveragerðisbær,2023,Fjölbýli,50500,73,691.7808219178082
Hveragerðisbær,2023,Sérbýli,349500,557,627.4685816876122
Hveragerðisbær,2024,Einbýli,189800,413,459.56416464891043
Hveragerðisbær,2024,Fjölbýli,159300,235,677.8723404255319
Hveragerðisbær,2024,Sérbýli,552197,978,564.6186094069529
Hörgársveit,2013,Sumarhús,5300,16,331.25
Hörgársveit,2014,Annað,30000,15,2000
Hörgársveit,2017,Fjölbýli,16100,64,251.5625
Hörgársveit,2018,Atvinnuhúsnæði,13700,38,360.5263157894737
Hörgársveit,2019,Atvinnuhúsnæði,15250,38,401.3157894736842
Hörgársveit,2020,Fjölbýli,39000,146,267.1232876712329
Hörgársveit,2020,Sumarhús,9700,24,404.1666666666667
Hörgársveit,2022,Atvinnuhúsnæði,55200,202,273.26732673267327
Hörgársveit,2022,Einbýli,88600,167,530.5389221556886
Hörgársveit,2022,Fjölbýli,165500,288,574.6527777777778
Hörgársveit,2023,Annað,128000,505,253.46534653465346
Hörgársveit,2023,Atvinnuhúsnæði,74900,269,278.4386617100372
Hörgársveit,2023,Bílskúr/skúr,100000,462,216.45021645021646
Hörgársveit,2023,Fjölbýli,43900,72,609.7222222222222
Hörgársveit,2024,Fjölbýli,91900,144,638.1944444444445
Húnabyggð,2017,Sumarhús,30085,34,884.8529411764706
Húnabyggð,2018,Einbýli,25000,101,247.52475247524754
Húnabyggð,2018,Sérbýli,19000,72,263.8888888888889
Húnabyggð,2020,Sérbýli,61000,256,238.28125
Húnabyggð,2021,Einbýli,138200,623,221.8298555377207
Húnabyggð,2022,Sérbýli,117300,362,324.03314917127074
Húnabyggð,2023,Einbýli,118000,423,278.9598108747045
Húnabyggð,2023,Fjölbýli,20500,86,238.37209302325581
Húnabyggð,2023,Sérbýli,66500,210,316.6666666666667
Húnabyggð,2024,Annað,184000,262,702.2900763358779
Húnabyggð,2024,Sérbýli,92000,222,414.4144144144144
Húnaþing vestra,2016,Atvinnuhúsnæði,140000,458,305.6768558951965
Húnaþing vestra,2018,Einbýli,25000,117,213.67521367521368
Húnaþing vestra,2019,Sérbýli,183048,557,328.6319569120287
Húnaþing vestra,2021,Einbýli,34000,117,290.5982905982906
Húnaþing vestra,2021,Sérbýli,70000,307,228.01302931596092
Húnaþing vestra,2022,Annað,66000,150,440
Húnaþing vestra,2022,Einbýli,21500,70,307.14285714285717
Húnaþing vestra,2023,Einbýli,70000,285,245.6140350877193
Húnaþing vestra,2023,Sérbýli,1292532,3342,386.754039497307
Húnaþing vestra,2024,Atvinnuhúsnæði,17000,84,202.38095238095238
Húnaþing vestra,2024,Einbýli,99600,325,306.46153846153845
Kaldrananeshreppur,2020,Sérbýli,17900,83,215.66265060240963
Kaldrananeshreppur,2021,Sérbýli,18200,83,219.27710843373495
Kjósarhreppur,2007,Sumarhús,18000,62,290.3225806451613
Kjósarhreppur,2009,Sumarhús,10000,45,222.22222222222223
Kjósarhreppur,2010,Sumarhús,11800,46,256.5217391304348
Kjósarhreppur,2012,Sumarhús,7800,34,229.41176470588235
Kjósarhreppur,2013,Einbýli,25000,110,227.27272727272728
Kjósarhreppur,2014,Sumarhús,6400,27,237.03703703703704
Kjósarhreppur,2015,Sumarhús,7000,34,205.88235294117646
Kjósarhreppur,2016,Einbýli,49900,167,298.8023952095808
Kjósarhreppur,2016,Sumarhús,40000,102,392.15686274509807
Kjósarhreppur,2017,Sumarhús,54400,169,321.8934911242604
Kjósarhreppur,2018,Sumarhús,14000,45,311.1111111111111
Kjósarhreppur,2019,Sumarhús,27000,62,435.48387096774195
Kjósarhreppur,2020,Sumarhús,70000,152,460.5263157894737
Kjósarhreppur,2021,Sumarhús,63700,150,424.6666666666667
Kjósarhreppur,2022,Sumarhús,240900,330,730
Kjósarhreppur,2023,Annað,492000,2024,243.08300395256916
Kjósarhreppur,2023,Sumarhús,218000,503,433.3996023856859
Kjósarhreppur,2024,Einbýli,47000,153,307.18954248366015
Kópavogsbær,2006,Atvinnuhúsnæði,881198,2813,313.25915392819053
Kópavogsbær,2006,Einbýli,129250,547,236.28884826325412
Kópavogsbær,2006,Fjölbýli,984800,4291,229.50361221160568
Kópavogsbær,2006,Sérbýli,91100,344,264.8255813953488
Kópavogsbær,2007,Atvinnuhúsnæði,184500,808,228.34158415841586
Kópavogsbær,2007,Bílskúr/skúr,33000,147,224.48979591836735
Kópavogsbær,2007,Einbýli,612300,2432,251.76809210526315
Kópavogsbær,2007,Fjölbýli,3245240,13363,242.8526528474145
Kópavogsbær,2007,Sérbýli,284800,1022,278.6692759295499
Kópavogsbær,2008,Atvinnuhúsnæði,698000,2775,251.53153153153153
Kópavogsbær,2008,Einbýli,180800,666,271.4714714714715
Kópavogsbær,2008,Fjölbýli,1629426,5925,275.00860759493673
Kópavogsbær,2008,Sérbýli,131500,517,254.35203094777563
Kópavogsbær,2009,Einbýli,187900,716,262.4301675977654
Kópavogsbær,2009,Fjölbýli,692979,2926,236.83492822966508
Kópavogsbær,2010,Einbýli,237000,843,281.1387900355872
Kópavogsbær,2010,Fjölbýli,900656,3807,236.57893354347254
Kópavogsbær,2010,Sérbýli,80000,338,236.68639053254438
Kópavogsbær,2011,Bílskúr/skúr,36000,147,244.89795918367346
Kópavogsbær,2011,Einbýli,322600,1253,257.46209098164405
Kópavogsbær,2011,Fjölbýli,1479493,6143,240.84209669542568
Kópavogsbær,2011,Sumarhús,20200,98,206.12244897959184
Kópavogsbær,2011,Sérbýli,246300,1056,233.23863636363637
Kópavogsbær,2012,Bílskúr/skúr,36000,149,241.61073825503357
Kópavogsbær,2012,Einbýli,603750,2229,270.8613728129206
Kópavogsbær,2012,Fjölbýli,1997632,7651,261.09423604757546
Kópavogsbær,2012,Sérbýli,136900,622,220.09646302250803
Kópavogsbær,2013,Bílskúr/skúr,38400,147,261.2244897959184
Kópavogsbær,2013,Einbýli,578700,2355,245.7324840764331
Kópavogsbær,2013,Fjölbýli,1854921,6876,269.7674520069808
Kópavogsbær,2013,Sérbýli,332800,1192,279.19463087248323
Kópavogsbær,2014,Einbýli,773900,2762,280.1955104996379
Kópavogsbær,2014,Fjölbýli,8994454,30396,295.909132780629
Kópavogsbær,2014,Sumarhús,29250,98,298.46938775510205
Kópavogsbær,2014,Sérbýli,575500,2088,275.6226053639847
Kópavogsbær,2015,Atvinnuhúsnæði,19270,70,275.2857142857143
Kópavogsbær,2015,Bílskúr/skúr,86000,354,242.93785310734464
Kópavogsbær,2015,Einbýli,1347150,4251,316.90190543401553
Kópavogsbær,2015,Fjölbýli,4628961,14728,314.2966458446497
Kópavogsbær,2015,Sérbýli,494600,1598,309.5118898623279
Kópavogsbær,2016,Atvinnuhúsnæði,180050,693,259.81240981240984
Kópavogsbær,2016,Einbýli,1474900,4955,297.65893037336025
Kópavogsbær,2016,Fjölbýli,3946950,10913,361.6741500962155
Kópavogsbær,2016,Sérbýli,692800,2244,308.7344028520499
Kópavogsbær,2017,Atvinnuhúsnæði,1754440,3239,541.6610064834825
Kópavogsbær,2017,Bílskúr/skúr,124000,354,350.28248587570624
Kópavogsbær,2017,Einbýli,833200,2414,345.1532725766363
Kópavogsbær,2017,Fjölbýli,6312113,14559,433.55402156741536
Kópavogsbær,2017,Sérbýli,736780,2009,366.7396714783474
Kópavogsbær,2018,Atvinnuhúsnæði,1121150,3302,339.5366444579043
Kópavogsbær,2018,Einbýli,1678000,4449,377.163407507305
Kópavogsbær,2018,Fjölbýli,5743764,12736,450.98649497487435
Kópavogsbær,2018,Sérbýli,633600,1539,411.69590643274853
Kópavogsbær,2019,Atvinnuhúsnæði,1243400,4748,261.8786857624263
Kópavogsbær,2019,Einbýli,1462200,3486,419.44922547332186
Kópavogsbær,2019,Fjölbýli,5591748,12096,462.280753968254
Kópavogsbær,2019,Sérbýli,705500,1613,437.3837569745815
Kópavogsbær,2020,Atvinnuhúsnæði,680800,2483,274.18445428916635
Kópavogsbær,2020,Bílskúr/skúr,69900,149,469.1275167785235
Kópavogsbær,2020,Einbýli,1701410,3878,438.73388344507475
Kópavogsbær,2020,Fjölbýli,6995170,14327,488.25085502896627
Kópavogsbær,2020,Sérbýli,1115050,2493,447.2723626153229
Kópavogsbær,2021,Atvinnuhúsnæði,665900,2369,281.08906711692697
Kópavogsbær,2021,Einbýli,1363600,2710,503.1734317343173
Kópavogsbær,2021,Fjölbýli,9508675,16190,587.317788758493
Kópavogsbær,2021,Sérbýli,1033000,1862,554.7798066595059
Kópavogsbær,2022,Atvinnuhúsnæði,1882500,4731,397.90741915028536
Kópavogsbær,2022,Einbýli,2216100,3607,614.3886886609371
Kópavogsbær,2022,Fjölbýli,7444028,11168,666.5497851002865
Kópavogsbær,2022,Sérbýli,805500,1333,604.2760690172543
Kópavogsbær,2023,Atvinnuhúsnæði,285350,879,324.63026166097836
Kópavogsbær,2023,Einbýli,733900,1135,646.6079295154185
Kópavogsbær,2023,Fjölbýli,6544130,8967,729.8014943682391
Kópavogsbær,2023,Sumarhús,47000,152,309.2105263157895
Kópavogsbær,2023,Sérbýli,854311,1499,569.920613742495
Kópavogsbær,2024,Atvinnuhúsnæði,454300,876,518.6073059360731
Kópavogsbær,2024,Einbýli,841400,1255,670.4382470119522
Kópavogsbær,2024,Fjölbýli,7960500,10866,732.6062948647157
Kópavogsbær,2024,Sérbýli,377500,555,680.1801801801802
Langanesbyggð,2022,Sérbýli,38000,188,202.12765957446808
Langanesbyggð,2023,Sérbýli,25000,94,265.9574468085106
Langanesbyggð,2024,Sérbýli,51000,188,271.27659574468083
Mosfellsbær,2006,Einbýli,118300,489,241.92229038854805
Mosfellsbær,2006,Fjölbýli,100400,449,223.60801781737194
Mosfellsbær,2006,Sumarhús,28600,128,223.4375
Mosfellsbær,2006,Sérbýli,175500,734,239.1008174386921
Mosfellsbær,2007,Atvinnuhúsnæði,13500,54,250
Mosfellsbær,2007,Einbýli,232300,953,243.75655823714587
Mosfellsbær,2007,Fjölbýli,529250,2249,235.32681191640728
Mosfellsbær,2007,Sérbýli,383500,1640,233.84146341463415
Mosfellsbær,2008,Bílskúr/skúr,36000,140,257.14285714285717
Mosfellsbær,2008,Einbýli,193800,849,228.26855123674912
Mosfellsbær,2008,Fjölbýli,186550,592,315.1182432432432
Mosfellsbær,2008,Sérbýli,365000,1489,245.13096037609134
Mosfellsbær,2009,Einbýli,44600,154,289.61038961038963
Mosfellsbær,2009,Fjölbýli,58546,221,264.91402714932127
Mosfellsbær,2009,Sérbýli,22900,94,243.61702127659575
Mosfellsbær,2010,Einbýli,68100,307,221.82410423452768
Mosfellsbær,2010,Fjölbýli,35750,159,224.8427672955975
Mosfellsbær,2010,Sumarhús,16000,49,326.53061224489795
Mosfellsbær,2010,Sérbýli,124450,542,229.61254612546125
Mosfellsbær,2011,Einbýli,135250,615,219.91869918699186
Mosfellsbær,2011,Fjölbýli,118150,525,225.04761904761904
Mosfellsbær,2011,Sérbýli,57000,259,220.0772200772201
Mosfellsbær,2012,Einbýli,155500,578,269.0311418685121
Mosfellsbær,2012,Fjölbýli,189373,779,243.09756097560975
Mosfellsbær,2012,Sumarhús,27000,97,278.35051546391753
Mosfellsbær,2012,Sérbýli,155000,653,237.36600306278714
Mosfellsbær,2013,Einbýli,102700,380,270.2631578947368
Mosfellsbær,2013,Fjölbýli,145700,564,258.3333333333333
Mosfellsbær,2013,Sumarhús,21000,64,328.125
Mosfellsbær,2013,Sérbýli,336100,1390,241.79856115107913
Mosfellsbær,2014,Atvinnuhúsnæði,6500,25,260
Mosfellsbær,2014,Bílskúr/skúr,73400,261,281.2260536398467
Mosfellsbær,2014,Einbýli,272900,982,277.9022403258656
Mosfellsbær,2014,Fjölbýli,560800,1972,284.3813387423935
Mosfellsbær,2014,Sumarhús,5500,20,275
Mosfellsbær,2014,Sérbýli,271600,974,278.8501026694045
Mosfellsbær,2015,Einbýli,351560,1361,258.31006612784716
Mosfellsbær,2015,Fjölbýli,402750,1379,292.0594633792603
Mosfellsbær,2015,Sérbýli,276600,1034,267.504835589942
Mosfellsbær,2016,Atvinnuhúsnæði,954700,4100,232.85365853658536
Mosfellsbær,2016,Einbýli,807200,2790,289.3189964157706
Mosfellsbær,2016,Fjölbýli,586600,1930,303.9378238341969
Mosfellsbær,2016,Sérbýli,314100,1160,270.7758620689655
Mosfellsbær,2017,Atvinnuhúsnæði,423350,1872,226.14850427350427
Mosfellsbær,2017,Einbýli,651100,1833,355.2100381887616
Mosfellsbær,2017,Fjölbýli,1124850,2760,407.55434782608694
Mosfellsbær,2017,Sérbýli,621100,1890,328.62433862433863
Mosfellsbær,2018,Atvinnuhúsnæði,89600,281,318.8612099644128
Mosfellsbær,2018,Einbýli,492850,1490,330.7718120805369
Mosfellsbær,2018,Fjölbýli,1497550,3373,443.98161873702935
Mosfellsbær,2018,Sumarhús,18000,82,219.5121951219512
Mosfellsbær,2018,Sérbýli,1151000,2898,397.1704623878537
Mosfellsbær,2019,Atvinnuhúsnæði,136750,459,297.93028322440085
Mosfellsbær,2019,Bílskúr/skúr,62100,140,443.57142857142856
Mosfellsbær,2019,Einbýli,315900,792,398.8636363636364
Mosfellsbær,2019,Fjölbýli,979250,2228,439.51974865350087
Mosfellsbær,2019,Sérbýli,856000,2163,395.7466481738326
Mosfellsbær,2020,Atvinnuhúsnæði,175100,621,281.9645732689211
Mosfellsbær,2020,Einbýli,555300,1555,357.10610932475885
Mosfellsbær,2020,Fjölbýli,1505050,3059,492.00719189277544
Mosfellsbær,2020,Sumarhús,54200,111,488.2882882882883
Mosfellsbær,2020,Sérbýli,1080800,2511,430.426125049781
Mosfellsbær,2021,Atvinnuhúsnæði,403600,1145,352.48908296943233
Mosfellsbær,2021,Bílskúr/skúr,269200,694,387.8962536023055
Mosfellsbær,2021,Einbýli,1237675,2955,418.8409475465313
Mosfellsbær,2021,Fjölbýli,1490990,2810,530.6014234875445
Mosfellsbær,2021,Sumarhús,20000,45,444.44444444444446
Mosfellsbær,2021,Sérbýli,1562800,3047,512.8979323925172
Mosfellsbær,2022,Atvinnuhúsnæði,1789984,4945,361.97856420626897
Mosfellsbær,2022,Einbýli,727500,1228,592.4267100977198
Mosfellsbær,2022,Fjölbýli,844800,1303,648.3499616270146
Mosfellsbær,2022,Sumarhús,39500,41,963.4146341463414
Mosfellsbær,2022,Sérbýli,757250,1179,642.2815945716709
Mosfellsbær,2023,Atvinnuhúsnæði,795368,1934,411.2554291623578
Mosfellsbær,2023,Einbýli,954500,1693,563.7920850561134
Mosfellsbær,2023,Fjölbýli,1205600,1781,676.9230769230769
Mosfellsbær,2023,Sumarhús,20000,20,1000
Mosfellsbær,2023,Sérbýli,808400,1309,617.5706646294882
Mosfellsbær,2024,Atvinnuhúsnæði,703400,1796,391.6481069042316
Mosfellsbær,2024,Bílskúr/skúr,81750,121,675.6198347107438
Mosfellsbær,2024,Einbýli,546200,979,557.9162410623085
Mosfellsbær,2024,Fjölbýli,1517700,2041,743.6060754532092
Mosfellsbær,2024,Sumarhús,23500,96,244.79166666666666
Mosfellsbær,2024,Sérbýli,986900,1392,708.9798850574713
Múlaþing,2006,Fjölbýli,31950,157,203.5031847133758
Múlaþing,2007,Fjölbýli,70385,339,207.6253687315634
Múlaþing,2008,Fjölbýli,35800,168,213.0952380952381
Múlaþing,2010,Fjölbýli,33200,128,259.375
Múlaþing,2013,Einbýli,66500,219,303.65296803652967
Múlaþing,2013,Sumarhús,4800,22,218.1818181818182
Múlaþing,2015,Fjölbýli,32500,112,290.17857142857144
Múlaþing,2016,Atvinnuhúsnæði,70000,350,200
Múlaþing,2016,Einbýli,65500,293,223.5494880546075
Múlaþing,2016,Fjölbýli,136500,626,218.05111821086263
Múlaþing,2016,Sérbýli,30500,149,204.6979865771812
Múlaþing,2017,Einbýli,249100,929,268.1377825618945
Múlaþing,2017,Fjölbýli,33000,128,257.8125
Múlaþing,2018,Annað,30000,30,1000
Múlaþing,2018,Einbýli,234100,1058,221.2665406427221
Múlaþing,2018,Fjölbýli,110055,431,255.34802784222737
Múlaþing,2018,Sérbýli,84200,361,233.2409972299169
Múlaþing,2019,Einbýli,90500,386,234.4559585492228
Múlaþing,2019,Fjölbýli,145300,523,277.8202676864245
Múlaþing,2019,Sumarhús,9000,33,272.72727272727275
Múlaþing,2019,Sérbýli,117700,473,248.8372093023256
Múlaþing,2020,Einbýli,259500,1016,255.41338582677164
Múlaþing,2020,Fjölbýli,164050,542,302.6752767527675
Múlaþing,2020,Sérbýli,114295,409,279.4498777506112
Múlaþing,2021,Annað,132000,508,259.84251968503935
Múlaþing,2021,Atvinnuhúsnæði,637500,2794,228.16750178954902
Múlaþing,2021,Einbýli,314100,1008,311.60714285714283
Múlaþing,2021,Fjölbýli,276850,1024,270.361328125
Múlaþing,2021,Sumarhús,312100,1126,277.1758436944938
Múlaþing,2021,Sérbýli,71000,224,316.9642857142857
Múlaþing,2022,Atvinnuhúsnæði,35000,100,350
Múlaþing,2022,Einbýli,192855,616,313.0762987012987
Múlaþing,2022,Fjölbýli,328900,782,420.5882352941176
Múlaþing,2022,Sérbýli,116050,290,400.17241379310343
Múlaþing,2023,Einbýli,238900,651,366.97388632872503
Múlaþing,2023,Fjölbýli,265600,523,507.83938814531547
Múlaþing,2023,Sérbýli,268398,553,485.3490054249548
Múlaþing,2024,Einbýli,356378,986,361.4381338742393
Múlaþing,2024,Fjölbýli,288530,607,475.33772652388797
Múlaþing,2024,Sérbýli,73700,224,329.01785714285717
Mýrdalshreppur,2018,Einbýli,30000,141,212.7659574468085
Mýrdalshreppur,2021,Einbýli,172000,594,289.56228956228955
Mýrdalshreppur,2022,Annað,20000,12,1666.6666666666667
Mýrdalshreppur,2023,Einbýli,66000,176,375
Mýrdalshreppur,2023,Sérbýli,115000,216,532.4074074074074
Mýrdalshreppur,2024,Atvinnuhúsnæði,63500,283,224.38162544169612
Mýrdalshreppur,2024,Fjölbýli,73185,123,595
Norðurþing,2010,Sumarhús,14700,50,294
Norðurþing,2013,Atvinnuhúsnæði,50000,72,694.4444444444445
Norðurþing,2016,Sérbýli,55500,213,260.5633802816901
Norðurþing,2017,Einbýli,45000,217,207.3732718894009
Norðurþing,2017,Fjölbýli,18000,82,219.5121951219512
Norðurþing,2017,Sérbýli,36000,116,310.3448275862069
Norðurþing,2018,Fjölbýli,28000,104,269.2307692307692
Norðurþing,2019,Einbýli,164400,718,228.9693593314763
Norðurþing,2019,Fjölbýli,55275,148,373.47972972972974
Norðurþing,2019,Sérbýli,34850,141,247.1631205673759
Norðurþing,2020,Fjölbýli,209070,624,335.0480769230769
Norðurþing,2020,Sumarhús,7500,36,208.33333333333334
Norðurþing,2021,Atvinnuhúsnæði,99000,397,249.37027707808565
Norðurþing,2021,Fjölbýli,191535,803,238.52428393524283
Norðurþing,2021,Sérbýli,114000,452,252.21238938053096
Norðurþing,2022,Fjölbýli,17000,59,288.135593220339
Norðurþing,2022,Sumarhús,73500,176,417.6136363636364
Norðurþing,2022,Sérbýli,64500,252,255.95238095238096
Norðurþing,2023,Bílskúr/skúr,41000,136,301.47058823529414
Norðurþing,2023,Einbýli,111000,345,321.7391304347826
Norðurþing,2023,Fjölbýli,157616,397,397.0176322418136
Norðurþing,2023,Sumarhús,45000,82,548.780487804878
Norðurþing,2023,Sérbýli,232500,457,508.7527352297593
Norðurþing,2024,Einbýli,46000,168,273.8095238095238
Norðurþing,2024,Fjölbýli,49500,151,327.81456953642385
Rangárþing eystra,2012,Sumarhús,25000,100,250
Rangárþing eystra,2015,Sumarhús,41705,162,257.4382716049383
Rangárþing eystra,2016,Einbýli,26500,127,208.66141732283464
Rangárþing eystra,2017,Einbýli,50000,236,211.864406779661
Rangárþing eystra,2017,Sérbýli,97300,384,253.38541666666666
Rangárþing eystra,2018,Einbýli,62700,256,244.921875
Rangárþing eystra,2018,Sumarhús,31000,106,292.45283018867923
Rangárþing eystra,2019,Einbýli,72000,268,268.65671641791045
Rangárþing eystra,2020,Annað,84000,238,352.94117647058823
Rangárþing eystra,2020,Einbýli,91200,373,244.5040214477212
Rangárþing eystra,2021,Einbýli,208600,753,277.02523240371846
Rangárþing eystra,2021,Fjölbýli,20000,62,322.5806451612903
Rangárþing eystra,2022,Annað,58000,162,358.0246913580247
Rangárþing eystra,2022,Atvinnuhúsnæði,231920,1040,223
Rangárþing eystra,2022,Einbýli,137000,378,362.43386243386243
Rangárþing eystra,2022,Sumarhús,10550,25,422
Rangárþing eystra,2023,Annað,29000,35,828.5714285714286
Rangárþing eystra,2023,Einbýli,118000,518,227.7992277992278
Rangárþing eystra,2024,Annað,16500,29,568.9655172413793
Rangárþing eystra,2024,Atvinnuhúsnæði,107300,312,343.9102564102564
Rangárþing eystra,2024,Fjölbýli,32500,67,485.07462686567163
Rangárþing eystra,2024,Sérbýli,44900,95,472.63157894736844
Rangárþing ytra,2006,Sumarhús,12700,48,264.5833333333333
Rangárþing ytra,2009,Sumarhús,32500,127,255.90551181102362
Rangárþing ytra,2013,Sumarhús,50600,217,233.17972350230414
Rangárþing ytra,2014,Sumarhús,40700,152,267.7631578947368
Rangárþing ytra,2015,Sumarhús,45000,120,375
Rangárþing ytra,2017,Atvinnuhúsnæði,130000,318,408.8050314465409
Rangárþing ytra,2017,Einbýli,28500,130,219.23076923076923
Rangárþing ytra,2017,Sumarhús,54300,152,357.2368421052632
Rangárþing ytra,2017,Sérbýli,58700,253,232.01581027667984
Rangárþing ytra,2018,Annað,109000,474,229.957805907173
Rangárþing ytra,2018,Einbýli,28000,133,210.52631578947367
Rangárþing ytra,2018,Sérbýli,84500,320,264.0625
Rangárþing ytra,2020,Annað,69000,161,428.57142857142856
Rangárþing ytra,2020,Sumarhús,33200,104,319.2307692307692
Rangárþing ytra,2020,Sérbýli,94500,326,289.8773006134969
Rangárþing ytra,2021,Einbýli,39000,143,272.72727272727275
Rangárþing ytra,2021,Sumarhús,95000,251,378.48605577689244
Rangárþing ytra,2021,Sérbýli,99900,305,327.5409836065574
Rangárþing ytra,2022,Einbýli,51400,191,269.10994764397907
Rangárþing ytra,2023,Annað,185000,161,1149.0683229813665
Rangárþing ytra,2023,Atvinnuhúsnæði,55000,215,255.8139534883721
Rangárþing ytra,2023,Sumarhús,48000,120,400
Rangárþing ytra,2024,Einbýli,275800,705,391.20567375886526
Rangárþing ytra,2024,Sumarhús,19700,37,532.4324324324324
Rangárþing ytra,2024,Sérbýli,97600,204,478.4313725490196
Reykhólahreppur,2010,Einbýli,17500,67,261.1940298507463
Reykhólahreppur,2019,Sumarhús,10000,42,238.0952380952381
Reykhólahreppur,2020,Atvinnuhúsnæði,714286,1072,666.3115671641791
Reykhólahreppur,2020,Einbýli,714286,1072,666.3115671641791
Reykhólahreppur,2022,Einbýli,34900,166,210.24096385542168
Reykhólahreppur,2023,Einbýli,41000,203,201.9704433497537
Reykjanesbær,2006,Bílskúr/skúr,12600,62,203.2258064516129
Reykjanesbær,2006,Fjölbýli,13900,69,201.44927536231884
Reykjanesbær,2007,Einbýli,96400,476,202.52100840336135
Reykjanesbær,2007,Fjölbýli,223550,994,224.89939637826961
Reykjanesbær,2007,Sérbýli,96400,468,205.98290598290598
Reykjanesbær,2008,Einbýli,116000,486,238.68312757201647
Reykjanesbær,2008,Fjölbýli,268950,1208,222.64072847682118
Reykjanesbær,2008,Sérbýli,32500,156,208.33333333333334
Reykjanesbær,2009,Einbýli,91400,417,219.18465227817745
Reykjanesbær,2009,Fjölbýli,118000,533,221.38836772983115
Reykjanesbær,2009,Sérbýli,142800,714,200
Reykjanesbær,2010,Einbýli,73900,340,217.35294117647058
Reykjanesbær,2010,Fjölbýli,48350,230,210.2173913043478
Reykjanesbær,2011,Einbýli,37500,187,200.53475935828877
Reykjanesbær,2011,Sérbýli,24496,110,222.6909090909091
Reykjanesbær,2012,Einbýli,24400,110,221.8181818181818
Reykjanesbær,2012,Sérbýli,65900,317,207.88643533123027
Reykjanesbær,2013,Einbýli,49500,239,207.11297071129707
Reykjanesbær,2013,Fjölbýli,41443,180,230.23888888888888
Reykjanesbær,2013,Sérbýli,27500,134,205.22388059701493
Reykjanesbær,2014,Einbýli,124900,578,216.08996539792386
Reykjanesbær,2014,Fjölbýli,188600,850,221.88235294117646
Reykjanesbær,2014,Sérbýli,101439,481,210.8918918918919
Reykjanesbær,2015,Einbýli,372727,1708,218.22423887587823
Reykjanesbær,2015,Fjölbýli,195199,822,237.4683698296837
Reykjanesbær,2015,Sérbýli,35000,156,224.35897435897436
Reykjanesbær,2016,Einbýli,555600,2369,234.52933727311103
Reykjanesbær,2016,Fjölbýli,510199,2128,239.75516917293234
Reykjanesbær,2016,Sérbýli,202808,899,225.5928809788654
Reykjanesbær,2017,Atvinnuhúsnæði,55000,172,319.7674418604651
Reykjanesbær,2017,Einbýli,981500,3690,265.9891598915989
Reykjanesbær,2017,Fjölbýli,2081437,8257,252.08150660046022
Reykjanesbær,2017,Sérbýli,266100,973,273.48406988694757
Reykjanesbær,2018,Atvinnuhúsnæði,269400,1001,269.13086913086914
Reykjanesbær,2018,Einbýli,1345100,4579,293.7540947805198
Reykjanesbær,2018,Fjölbýli,5964390,21058,283.2362997435654
Reykjanesbær,2018,Sérbýli,1584715,4938,320.92243823410286
Reykjanesbær,2019,Einbýli,1391550,4831,288.04595321879526
Reykjanesbær,2019,Fjölbýli,2241350,6907,324.50412624873314
Reykjanesbær,2019,Sérbýli,1006710,3058,329.2053629823414
Reykjanesbær,2020,Atvinnuhúsnæði,362800,1366,265.592972181552
Reykjanesbær,2020,Einbýli,1304600,4212,309.7340930674264
Reykjanesbær,2020,Fjölbýli,2259052,7040,320.8880681818182
Reykjanesbær,2020,Sérbýli,2036800,6171,330.0599578674445
Reykjanesbær,2021,Annað,110000,414,265.7004830917874
Reykjanesbær,2021,Atvinnuhúsnæði,932594,3858,241.72991187143597
Reykjanesbær,2021,Einbýli,1796950,5431,330.86908488307864
Reykjanesbær,2021,Fjölbýli,2555320,7237,353.0910598314219
Reykjanesbær,2021,Sérbýli,1549500,3995,387.8598247809762
Reykjanesbær,2022,Atvinnuhúsnæði,1060180,4095,258.8962148962149
Reykjanesbær,2022,Einbýli,1824050,4399,414.6510570584224
Reykjanesbær,2022,Fjölbýli,3520331,8710,404.1711825487945
Reykjanesbær,2022,Sérbýli,1534150,2924,524.6751025991792
Reykjanesbær,2023,Atvinnuhúsnæði,1691330,4438,381.1018476791347
Reykjanesbær,2023,Einbýli,1086100,2267,479.0913101014557
Reykjanesbær,2023,Fjölbýli,1892700,4296,440.57262569832403
Reykjanesbær,2023,Sérbýli,1673300,3181,526.0295504558316
Reykjanesbær,2024,Atvinnuhúsnæði,578850,1500,385.9
Reykjanesbær,2024,Einbýli,2593901,5418,478.7561830933924
Reykjanesbær,2024,Fjölbýli,2797400,4896,571.3643790849674
Reykjanesbær,2024,Sérbýli,1754500,3072,571.1263020833334
Reykjavíkurborg,2006,Atvinnuhúsnæði,538000,2250,239.11111111111111
Reykjavíkurborg,2006,Bílskúr/skúr,118000,319,369.90595611285266
Reykjavíkurborg,2006,Einbýli,647300,2491,259.85547972701727
Reykjavíkurborg,2006,Fjölbýli,4067048,15823,257.033937938444
Reykjavíkurborg,2006,Sérbýli,223200,951,234.70031545741324
Reykjavíkurborg,2007,Atvinnuhúsnæði,4216600,16613,253.81327875759948
Reykjavíkurborg,2007,Einbýli,1770040,6775,261.26051660516606
Reykjavíkurborg,2007,Fjölbýli,22104282,90951,243.03506283603258
Reykjavíkurborg,2007,Sérbýli,1223700,4979,245.77224342237398
Reykjavíkurborg,2008,Atvinnuhúsnæði,1099000,2178,504.5913682277319
Reykjavíkurborg,2008,Einbýli,566700,2042,277.52203721841335
Reykjavíkurborg,2008,Fjölbýli,3844395,14581,263.65784239764076
Reykjavíkurborg,2008,Sérbýli,603350,2357,255.98218073822656
Reykjavíkurborg,2009,Einbýli,257000,1065,241.31455399061034
Reykjavíkurborg,2009,Fjölbýli,1530250,6030,253.77280265339968
Reykjavíkurborg,2009,Sérbýli,159500,540,295.3703703703704
Reykjavíkurborg,2010,Atvinnuhúsnæði,614573,2592,237.10378086419752
Reykjavíkurborg,2010,Einbýli,450900,1711,263.5300993571011
Reykjavíkurborg,2010,Fjölbýli,2604431,10577,246.23532192493147
Reykjavíkurborg,2010,Sérbýli,483450,2111,229.01468498342018
Reykjavíkurborg,2011,Atvinnuhúsnæði,15000,60,250
Reykjavíkurborg,2011,Einbýli,902057,3317,271.9496533011758
Reykjavíkurborg,2011,Fjölbýli,3760827,15095,249.14388870486917
Reykjavíkurborg,2011,Sérbýli,384700,1610,238.944099378882
Reykjavíkurborg,2012,Atvinnuhúsnæði,28000,98,285.7142857142857
Reykjavíkurborg,2012,Einbýli,713100,2651,268.99283289324785
Reykjavíkurborg,2012,Fjölbýli,6764667,24030,281.50923845193506
Reykjavíkurborg,2012,Sérbýli,831100,3493,237.93300887489264
Reykjavíkurborg,2013,Atvinnuhúsnæði,592500,1475,401.6949152542373
Reykjavíkurborg,2013,Einbýli,870410,3266,266.50642988364973
Reykjavíkurborg,2013,Fjölbýli,7395299,26444,279.65886401452127
Reykjavíkurborg,2013,Sérbýli,931700,3835,242.9465449804433
Reykjavíkurborg,2014,Atvinnuhúsnæði,80000,351,227.92022792022792
Reykjavíkurborg,2014,Einbýli,1792900,5220,343.46743295019155
Reykjavíkurborg,2014,Fjölbýli,21511894,76727,280.3692833031397
Reykjavíkurborg,2014,Sumarhús,12000,52,230.76923076923077
Reykjavíkurborg,2014,Sérbýli,562800,2174,258.87764489420425
Reykjavíkurborg,2015,Atvinnuhúsnæði,531000,1578,336.5019011406844
Reykjavíkurborg,2015,Einbýli,2436725,8268,294.71758587324626
Reykjavíkurborg,2015,Fjölbýli,28137673,78121,360.18065564956925
Reykjavíkurborg,2015,Sérbýli,1285500,4471,287.51957056586895
Reykjavíkurborg,2016,Atvinnuhúsnæði,1168100,3536,330.34502262443436
Reykjavíkurborg,2016,Einbýli,2549600,8405,303.343248066627
Reykjavíkurborg,2016,Fjölbýli,13462243,37560,358.41967518636847
Reykjavíkurborg,2016,Sérbýli,1771000,6646,266.47607583508875
Reykjavíkurborg,2017,Annað,380000,1052,361.21673003802283
Reykjavíkurborg,2017,Atvinnuhúsnæði,25341000,101093,250.67017498738784
Reykjavíkurborg,2017,Einbýli,1512954,4061,372.55700566362964
Reykjavíkurborg,2017,Fjölbýli,14052263,32468,432.80346803006034
Reykjavíkurborg,2017,Sumarhús,51500,180,286.1111111111111
Reykjavíkurborg,2017,Sérbýli,1621150,4771,339.7924963320059
Reykjavíkurborg,2018,Atvinnuhúsnæði,5628760,23298,241.59842046527598
Reykjavíkurborg,2018,Bílskúr/skúr,6000,28,214.28571428571428
Reykjavíkurborg,2018,Einbýli,3535400,8299,426.00313290757924
Reykjavíkurborg,2018,Fjölbýli,15545334,34914,445.24643409520536
Reykjavíkurborg,2018,Sérbýli,1521400,4267,356.55026951019454
Reykjavíkurborg,2019,Atvinnuhúsnæði,3571410,7717,462.79771932097964
Reykjavíkurborg,2019,Einbýli,2355864,5760,409.00416666666666
Reykjavíkurborg,2019,Fjölbýli,20086581,41390,485.3003382459531
Reykjavíkurborg,2019,Sérbýli,2130010,5745,370.7589208006963
Reykjavíkurborg,2020,Annað,3178344,2028,1567.2307692307693
Reykjavíkurborg,2020,Atvinnuhúsnæði,5631624,17991,313.02451225612805
Reykjavíkurborg,2020,Bílskúr/skúr,35000,80,437.5
Reykjavíkurborg,2020,Einbýli,2881405,6856,420.2749416569428
Reykjavíkurborg,2020,Fjölbýli,25947986,50319,515.6697470140504
Reykjavíkurborg,2020,Sumarhús,605000,546,1108.0586080586081
Reykjavíkurborg,2020,Sérbýli,2352950,5905,398.467400508044
Reykjavíkurborg,2021,Atvinnuhúsnæði,8232893,24931,330.22714692551443
Reykjavíkurborg,2021,Bílskúr/skúr,49500,87,568.9655172413793
Reykjavíkurborg,2021,Einbýli,3084130,6155,501.0771730300569
Reykjavíkurborg,2021,Fjölbýli,26023358,46034,565.3073380544814
Reykjavíkurborg,2021,Sérbýli,4100650,11189,366.48940924121905
Reykjavíkurborg,2022,Atvinnuhúsnæði,39783241,115747,343.70861447812905
Reykjavíkurborg,2022,Bílskúr/skúr,133000,272,488.97058823529414
Reykjavíkurborg,2022,Einbýli,3436600,6276,547.5780752071383
Reykjavíkurborg,2022,Fjölbýli,21299992,31463,676.9854114356546
Reykjavíkurborg,2022,Sumarhús,1070000,546,1959.7069597069597
Reykjavíkurborg,2022,Sérbýli,2287800,4259,537.1683493777882
Reykjavíkurborg,2023,Atvinnuhúsnæði,12635700,23581,535.8424155040075
Reykjavíkurborg,2023,Bílskúr/skúr,135500,239,566.9456066945606
Reykjavíkurborg,2023,Einbýli,10752100,21576,498.33611420096406
Reykjavíkurborg,2023,Fjölbýli,23067454,32422,711.4753562395904
Reykjavíkurborg,2023,Sérbýli,1838700,3129,587.6318312559923
Reykjavíkurborg,2024,Atvinnuhúsnæði,8638550,26131,330.586276835942
Reykjavíkurborg,2024,Bílskúr/skúr,13900,32,434.375
Reykjavíkurborg,2024,Einbýli,3910652,6160,634.8461038961038
Reykjavíkurborg,2024,Fjölbýli,21569952,28680,752.0903765690376
Reykjavíkurborg,2024,Sérbýli,2411950,3650,660.8082191780821
Seltjarnarnesbær,2006,Einbýli,136000,425,320
Seltjarnarnesbær,2006,Fjölbýli,42800,163,262.5766871165644
Seltjarnarnesbær,2006,Sérbýli,80000,220,363.6363636363636
Seltjarnarnesbær,2007,Einbýli,108500,371,292.45283018867923
Seltjarnarnesbær,2007,Fjölbýli,131700,514,256.2256809338521
Seltjarnarnesbær,2007,Sérbýli,182200,630,289.2063492063492
Seltjarnarnesbær,2008,Fjölbýli,166000,361,459.8337950138504
Seltjarnarnesbær,2009,Fjölbýli,24000,109,220.1834862385321
Seltjarnarnesbær,2010,Fjölbýli,79700,394,202.28426395939087
Seltjarnarnesbær,2011,Einbýli,255400,832,306.97115384615387
Seltjarnarnesbær,2011,Fjölbýli,237200,836,283.73205741626793
Seltjarnarnesbær,2011,Sérbýli,110500,474,233.1223628691983
Seltjarnarnesbær,2012,Einbýli,99500,331,300.6042296072508
Seltjarnarnesbær,2012,Fjölbýli,40462,147,275.2517006802721
Seltjarnarnesbær,2012,Sérbýli,191650,628,305.1751592356688
Seltjarnarnesbær,2013,Einbýli,178000,598,297.6588628762542
Seltjarnarnesbær,2013,Fjölbýli,51650,201,256.9651741293532
Seltjarnarnesbær,2013,Sérbýli,54500,202,269.8019801980198
Seltjarnarnesbær,2014,Einbýli,165500,559,296.0644007155635
Seltjarnarnesbær,2014,Fjölbýli,347350,999,347.6976976976977
Seltjarnarnesbær,2014,Sérbýli,211000,662,318.73111782477343
Seltjarnarnesbær,2015,Einbýli,124500,364,342.032967032967
Seltjarnarnesbær,2015,Fjölbýli,385000,1301,295.9262106072252
Seltjarnarnesbær,2015,Sérbýli,218500,643,339.81337480559876
Seltjarnarnesbær,2016,Bílskúr/skúr,51000,130,392.3076923076923
Seltjarnarnesbær,2016,Einbýli,394500,1148,343.6411149825784
Seltjarnarnesbær,2016,Fjölbýli,1046610,3408,307.1038732394366
Seltjarnarnesbær,2016,Sérbýli,246000,767,320.7301173402868
Seltjarnarnesbær,2017,Einbýli,947400,2302,411.5551694178975
Seltjarnarnesbær,2017,Fjölbýli,262600,661,397.2768532526475
Seltjarnarnesbær,2017,Sérbýli,261500,664,393.82530120481925
Seltjarnarnesbær,2018,Einbýli,163500,398,410.8040201005025
Seltjarnarnesbær,2018,Fjölbýli,631740,1313,481.14242193450116
Seltjarnarnesbær,2018,Sérbýli,313100,709,441.60789844851905
Seltjarnarnesbær,2019,Bílskúr/skúr,62000,130,476.9230769230769
Seltjarnarnesbær,2019,Einbýli,332900,661,503.63086232980334
Seltjarnarnesbær,2019,Fjölbýli,430700,941,457.7045696068013
Seltjarnarnesbær,2019,Sérbýli,90000,221,407.23981900452486
Seltjarnarnesbær,2020,Einbýli,240000,508,472.4409448818898
Seltjarnarnesbær,2020,Fjölbýli,1104300,2268,486.9047619047619
Seltjarnarnesbær,2020,Sérbýli,225900,438,515.7534246575342
Seltjarnarnesbær,2021,Einbýli,835000,1490,560.4026845637584
Seltjarnarnesbær,2021,Fjölbýli,669800,1353,495.0480413895048
Seltjarnarnesbær,2021,Sérbýli,121000,209,578.9473684210526
Seltjarnarnesbær,2022,Einbýli,543000,798,680.4511278195489
Seltjarnarnesbær,2022,Fjölbýli,832200,1200,693.5
Seltjarnarnesbær,2022,Sérbýli,171000,251,681.2749003984064
Seltjarnarnesbær,2023,Einbýli,369000,479,770.3549060542797
Seltjarnarnesbær,2023,Fjölbýli,688900,992,694.4556451612904
Seltjarnarnesbær,2023,Sérbýli,279500,407,686.7321867321867
Seltjarnarnesbær,2024,Einbýli,239200,389,614.9100257069409
Seltjarnarnesbær,2024,Fjölbýli,582200,676,861.2426035502958
Seltjarnarnesbær,2024,Sérbýli,165000,279,591.3978494623656
Skaftárhreppur,2017,Sérbýli,27500,136,202.2058823529412
Skaftárhreppur,2021,Einbýli,81000,230,352.17391304347825
Skaftárhreppur,2022,Annað,560000,1156,484.42906574394465
Skaftárhreppur,2022,Einbýli,53000,115,460.8695652173913
Skaftárhreppur,2022,Sumarhús,280000,578,484.42906574394465
Skaftárhreppur,2023,Sérbýli,60000,117,512.8205128205128
Skagafjörður,2008,Sumarhús,15000,47,319.1489361702128
Skagafjörður,2014,Einbýli,19500,90,216.66666666666666
Skagafjörður,2015,Einbýli,14200,62,229.03225806451613
Skagafjörður,2016,Sumarhús,8000,35,228.57142857142858
Skagafjörður,2017,Einbýli,86600,396,218.68686868686868
Skagafjörður,2018,Einbýli,37000,147,251.70068027210885
Skagafjörður,2018,Fjölbýli,47700,222,214.86486486486487
Skagafjörður,2019,Einbýli,141800,557,254.57809694793536
Skagafjörður,2019,Fjölbýli,36000,173,208.09248554913296
Skagafjörður,2020,Einbýli,187375,718,260.96796657381617
Skagafjörður,2020,Fjölbýli,34900,142,245.77464788732394
Skagafjörður,2020,Sérbýli,36000,168,214.28571428571428
Skagafjörður,2021,Annað,10000,31,322.5806451612903
Skagafjörður,2021,Einbýli,186300,628,296.656050955414
Skagafjörður,2021,Fjölbýli,72200,296,243.9189189189189
Skagafjörður,2021,Sumarhús,30000,100,300
Skagafjörður,2021,Sérbýli,49750,137,363.13868613138686
Skagafjörður,2022,Annað,32000,160,200
Skagafjörður,2022,Einbýli,173000,355,487.32394366197184
Skagafjörður,2022,Fjölbýli,147100,366,401.91256830601094
Skagafjörður,2022,Sumarhús,32500,103,315.5339805825243
Skagafjörður,2022,Sérbýli,60000,186,322.5806451612903
Skagafjörður,2023,Annað,36000,160,225
Skagafjörður,2023,Einbýli,150000,404,371.28712871287127
Skagafjörður,2023,Fjölbýli,219200,524,418.3206106870229
Skagafjörður,2023,Sérbýli,125500,274,458.02919708029196
Skagafjörður,2024,Annað,27500,90,305.55555555555554
Skagafjörður,2024,Atvinnuhúsnæði,299300,1207,247.970173985087
Skagafjörður,2024,Einbýli,27500,90,305.55555555555554
Skagafjörður,2024,Fjölbýli,133000,300,443.3333333333333
Skagafjörður,2024,Sumarhús,26000,50,520
Skagafjörður,2024,Sérbýli,30000,112,267.85714285714283
Skeiða- og Gnúpverjahreppur,2012,Sumarhús,5800,25,232
Skeiða- og Gnúpverjahreppur,2016,Sumarhús,5900,25,236
Skeiða- og Gnúpverjahreppur,2019,Sumarhús,25000,92,271.7391304347826
Skeiða- og Gnúpverjahreppur,2020,Sumarhús,15900,46,345.6521739130435
Skeiða- og Gnúpverjahreppur,2022,Sumarhús,30000,89,337.07865168539325
Skeiða- og Gnúpverjahreppur,2024,Annað,89000,441,201.8140589569161
Skeiða- og Gnúpverjahreppur,2024,Sérbýli,48000,101,475.2475247524753
Skorradalshreppur,2006,Bílskúr/skúr,17500,83,210.84337349397592
Skorradalshreppur,2006,Sumarhús,17500,83,210.84337349397592
Skorradalshreppur,2007,Sumarhús,137015,479,286.0438413361169
Skorradalshreppur,2009,Sumarhús,29000,82,353.6585365853659
Skorradalshreppur,2010,Sumarhús,29700,106,280.188679245283
Skorradalshreppur,2011,Sumarhús,10000,24,416.6666666666667
Skorradalshreppur,2012,Sumarhús,18000,64,281.25
Skorradalshreppur,2015,Atvinnuhúsnæði,55000,151,364.2384105960265
Skorradalshreppur,2016,Sumarhús,235700,668,352.8443113772455
Skorradalshreppur,2017,Sumarhús,111550,283,394.1696113074205
Skorradalshreppur,2018,Sumarhús,86500,211,409.9526066350711
Skorradalshreppur,2019,Einbýli,37000,155,238.70967741935485
Skorradalshreppur,2019,Sumarhús,23500,69,340.57971014492756
Skorradalshreppur,2020,Sumarhús,187100,519,360.5009633911368
Skorradalshreppur,2021,Sumarhús,282500,476,593.4873949579832
Skorradalshreppur,2022,Sumarhús,135700,259,523.9382239382239
Skorradalshreppur,2023,Einbýli,39000,155,251.61290322580646
Skorradalshreppur,2023,Sumarhús,49000,106,462.2641509433962
Skorradalshreppur,2024,Sumarhús,184500,308,599.025974025974
Snæfellsbær,2008,Fjölbýli,59050,210,281.1904761904762
Snæfellsbær,2009,Fjölbýli,19050,70,272.14285714285717
Snæfellsbær,2010,Fjölbýli,37750,140,269.64285714285717
Snæfellsbær,2015,Sumarhús,18250,87,209.77011494252875
Snæfellsbær,2016,Einbýli,11500,53,216.9811320754717
Snæfellsbær,2017,Sumarhús,22500,86,261.6279069767442
Snæfellsbær,2018,Einbýli,48500,222,218.46846846846847
Snæfellsbær,2018,Fjölbýli,20000,70,285.7142857142857
Snæfellsbær,2018,Sumarhús,22000,56,392.85714285714283
Snæfellsbær,2019,Annað,73000,328,222.5609756097561
Snæfellsbær,2019,Sumarhús,146000,656,222.5609756097561
Snæfellsbær,2021,Atvinnuhúsnæði,49000,167,293.41317365269464
Snæfellsbær,2021,Einbýli,129500,605,214.0495867768595
Snæfellsbær,2021,Sumarhús,42000,128,328.125
Snæfellsbær,2022,Sumarhús,30000,60,500
Snæfellsbær,2022,Sérbýli,40000,159,251.57232704402514
Snæfellsbær,2023,Einbýli,182400,634,287.69716088328073
Snæfellsbær,2024,Einbýli,58500,174,336.2068965517241
Snæfellsbær,2024,Fjölbýli,41800,184,227.17391304347825
Snæfellsbær,2024,Sérbýli,22500,96,234.375
Strandabyggð,2013,Einbýli,19280,71,271.5492957746479
Strandabyggð,2023,Einbýli,36500,181,201.65745856353593
Stykkishólmsbær,2015,Einbýli,41500,178,233.14606741573033
Stykkishólmsbær,2016,Fjölbýli,43700,200,218.5
Stykkishólmsbær,2017,Einbýli,55000,207,265.7004830917874
Stykkishólmsbær,2018,Einbýli,124100,474,261.8143459915612
Stykkishólmsbær,2018,Sérbýli,96400,364,264.83516483516485
Stykkishólmsbær,2019,Einbýli,77000,300,256.6666666666667
Stykkishólmsbær,2020,Einbýli,119000,469,253.73134328358208
Stykkishólmsbær,2020,Fjölbýli,25000,105,238.0952380952381
Stykkishólmsbær,2020,Sérbýli,72000,218,330.27522935779814
Stykkishólmsbær,2021,Einbýli,87500,382,229.05759162303664
Stykkishólmsbær,2021,Sérbýli,37400,125,299.2
Stykkishólmsbær,2022,Annað,30000,83,361.4457831325301
Stykkishólmsbær,2022,Einbýli,103000,270,381.48148148148147
Stykkishólmsbær,2022,Fjölbýli,22500,71,316.90140845070425
Stykkishólmsbær,2022,Sérbýli,36000,146,246.57534246575344
Stykkishólmsbær,2023,Einbýli,49500,181,273.4806629834254
Stykkishólmsbær,2023,Fjölbýli,99000,418,236.8421052631579
Stykkishólmsbær,2023,Sumarhús,32000,55,581.8181818181819
Stykkishólmsbær,2023,Sérbýli,126000,330,381.8181818181818
Stykkishólmsbær,2024,Atvinnuhúsnæði,68117,240,283.8208333333333
Stykkishólmsbær,2024,Einbýli,175000,510,343.1372549019608
Stykkishólmsbær,2024,Fjölbýli,126000,308,409.09090909090907
Stykkishólmsbær,2024,Sérbýli,116750,292,399.82876712328766
Suðurnesjabær,2009,Sérbýli,19500,91,214.28571428571428
Suðurnesjabær,2010,Atvinnuhúsnæði,999950,2288,437.0410839160839
Suðurnesjabær,2015,Einbýli,15600,75,208
Suðurnesjabær,2016,Einbýli,23800,117,203.4188034188034
Suðurnesjabær,2016,Sérbýli,21500,101,212.87128712871288
Suðurnesjabær,2017,Einbýli,181400,764,237.434554973822
Suðurnesjabær,2017,Fjölbýli,56700,241,235.26970954356847
Suðurnesjabær,2017,Sérbýli,53500,222,240.99099099099098
Suðurnesjabær,2018,Annað,15000,19,789.4736842105264
Suðurnesjabær,2018,Einbýli,103700,406,255.41871921182266
Suðurnesjabær,2018,Sérbýli,61000,192,317.7083333333333
Suðurnesjabær,2019,Annað,26000,37,702.7027027027027
Suðurnesjabær,2019,Einbýli,115400,488,236.47540983606558
Suðurnesjabær,2019,Fjölbýli,47000,194,242.2680412371134
Suðurnesjabær,2019,Sérbýli,94900,351,270.3703703703704
Suðurnesjabær,2020,Annað,37000,26,1423.076923076923
Suðurnesjabær,2020,Einbýli,313000,1214,257.82537067545303
Suðurnesjabær,2020,Fjölbýli,63000,251,250.996015936255
Suðurnesjabær,2020,Sérbýli,128300,411,312.1654501216545
Suðurnesjabær,2021,Annað,112000,459,244.0087145969499
Suðurnesjabær,2021,Einbýli,291500,1075,271.16279069767444
Suðurnesjabær,2021,Fjölbýli,272200,1153,236.07979184735473
Suðurnesjabær,2021,Sérbýli,422300,1103,382.86491387126017
Suðurnesjabær,2022,Atvinnuhúsnæði,47000,120,391.6666666666667
Suðurnesjabær,2022,Einbýli,500200,1560,320.64102564102564
Suðurnesjabær,2022,Fjölbýli,118300,419,282.33890214797134
Suðurnesjabær,2022,Sérbýli,120900,292,414.041095890411
Suðurnesjabær,2023,Einbýli,514400,1730,297.34104046242777
Suðurnesjabær,2023,Fjölbýli,181394,356,509.53370786516854
Suðurnesjabær,2023,Sérbýli,401400,805,498.6335403726708
Suðurnesjabær,2024,Einbýli,611400,1399,437.0264474624732
Suðurnesjabær,2024,Fjölbýli,159443,395,403.65316455696205
Suðurnesjabær,2024,Sérbýli,1032770,1981,521.3377082281676
Svalbarðsstrandarhreppur,2010,Sumarhús,13500,41,329.2682926829268
Svalbarðsstrandarhreppur,2014,Sumarhús,27000,108,250
Svalbarðsstrandarhreppur,2015,Annað,14000,18,777.7777777777778
Svalbarðsstrandarhreppur,2016,Sumarhús,16000,68,235.2941176470588
Svalbarðsstrandarhreppur,2017,Sumarhús,34000,130,261.53846153846155
Svalbarðsstrandarhreppur,2019,Einbýli,47500,185,256.7567567567568
Svalbarðsstrandarhreppur,2019,Sumarhús,15400,37,416.2162162162162
Svalbarðsstrandarhreppur,2021,Einbýli,65000,217,299.53917050691246
Svalbarðsstrandarhreppur,2022,Einbýli,79700,372,214.247311827957
Svalbarðsstrandarhreppur,2023,Sumarhús,30000,50,600
Svalbarðsstrandarhreppur,2024,Sumarhús,90000,130,692.3076923076923
Sveitarfélagið Hornafjörður,2011,Sumarhús,26400,71,371.83098591549293
Sveitarfélagið Hornafjörður,2014,Einbýli,37200,179,207.82122905027933
Sveitarfélagið Hornafjörður,2014,Sumarhús,54000,241,224.06639004149378
Sveitarfélagið Hornafjörður,2016,Fjölbýli,11500,52,221.15384615384616
Sveitarfélagið Hornafjörður,2017,Einbýli,90500,432,209.49074074074073
Sveitarfélagið Hornafjörður,2018,Einbýli,36000,162,222.22222222222223
Sveitarfélagið Hornafjörður,2018,Fjölbýli,61700,203,303.9408866995074
Sveitarfélagið Hornafjörður,2019,Einbýli,114000,403,282.87841191066997
Sveitarfélagið Hornafjörður,2019,Fjölbýli,69960,204,342.94117647058823
Sveitarfélagið Hornafjörður,2019,Sumarhús,12400,45,275.55555555555554
Sveitarfélagið Hornafjörður,2020,Einbýli,115850,448,258.59375
Sveitarfélagið Hornafjörður,2020,Fjölbýli,16100,66,243.93939393939394
Sveitarfélagið Hornafjörður,2020,Sérbýli,34600,92,376.0869565217391
Sveitarfélagið Hornafjörður,2021,Einbýli,47700,180,265
Sveitarfélagið Hornafjörður,2021,Fjölbýli,55000,189,291.005291005291
Sveitarfélagið Hornafjörður,2021,Sérbýli,38055,110,345.95454545454544
Sveitarfélagið Hornafjörður,2022,Atvinnuhúsnæði,18000,36,500
Sveitarfélagið Hornafjörður,2022,Einbýli,49900,147,339.4557823129252
Sveitarfélagið Hornafjörður,2022,Fjölbýli,27600,69,400
Sveitarfélagið Hornafjörður,2022,Sumarhús,16800,37,454.05405405405406
Sveitarfélagið Hornafjörður,2022,Sérbýli,39755,113,351.8141592920354
Sveitarfélagið Hornafjörður,2023,Atvinnuhúsnæði,25000,36,694.4444444444445
Sveitarfélagið Hornafjörður,2023,Einbýli,118000,374,315.5080213903743
Sveitarfélagið Hornafjörður,2023,Fjölbýli,73000,186,392.4731182795699
Sveitarfélagið Hornafjörður,2023,Sérbýli,52000,113,460.17699115044246
Sveitarfélagið Hornafjörður,2024,Einbýli,65000,265,245.28301886792454
Sveitarfélagið Hornafjörður,2024,Fjölbýli,43800,103,425.24271844660194
Sveitarfélagið Skagaströnd,2023,Sérbýli,26500,78,339.7435897435897
Sveitarfélagið Vogar,2006,Sérbýli,15700,76,206.57894736842104
Sveitarfélagið Vogar,2007,Einbýli,23000,112,205.35714285714286
Sveitarfélagið Vogar,2007,Fjölbýli,17000,78,217.94871794871796
Sveitarfélagið Vogar,2007,Sérbýli,17300,76,227.6315789473684
Sveitarfélagið Vogar,2008,Fjölbýli,47630,230,207.08695652173913
Sveitarfélagið Vogar,2009,Sérbýli,17551,76,230.93421052631578
Sveitarfélagið Vogar,2012,Fjölbýli,17698,78,226.89743589743588
Sveitarfélagið Vogar,2014,Sérbýli,17000,76,223.68421052631578
Sveitarfélagið Vogar,2016,Einbýli,107700,473,227.6955602536998
Sveitarfélagið Vogar,2017,Einbýli,109500,495,221.21212121212122
Sveitarfélagið Vogar,2017,Fjölbýli,36000,160,225
Sveitarfélagið Vogar,2017,Sérbýli,22000,76,289.4736842105263
Sveitarfélagið Vogar,2018,Einbýli,78600,342,229.82456140350877
Sveitarfélagið Vogar,2018,Fjölbýli,95350,302,315.72847682119203
Sveitarfélagið Vogar,2018,Sérbýli,19500,76,256.57894736842104
Sveitarfélagið Vogar,2019,Einbýli,122900,515,238.64077669902912
Sveitarfélagið Vogar,2019,Fjölbýli,102000,316,322.7848101265823
Sveitarfélagið Vogar,2020,Einbýli,170600,634,269.0851735015773
Sveitarfélagið Vogar,2020,Sérbýli,28000,76,368.42105263157896
Sveitarfélagið Vogar,2021,Atvinnuhúsnæði,2825,9,313.8888888888889
Sveitarfélagið Vogar,2021,Einbýli,164000,502,326.69322709163345
Sveitarfélagið Vogar,2021,Fjölbýli,90680,224,404.82142857142856
Sveitarfélagið Vogar,2021,Sérbýli,97900,273,358.6080586080586
Sveitarfélagið Vogar,2022,Einbýli,256500,685,374.45255474452557
Sveitarfélagið Vogar,2022,Fjölbýli,220850,395,559.1139240506329
Sveitarfélagið Vogar,2022,Sérbýli,40500,76,532.8947368421053
Sveitarfélagið Vogar,2023,Einbýli,68500,170,402.94117647058823
Sveitarfélagið Vogar,2023,Fjölbýli,604500,1044,579.0229885057471
Sveitarfélagið Vogar,2023,Sérbýli,58000,126,460.3174603174603
Sveitarfélagið Vogar,2024,Einbýli,90500,181,500
Sveitarfélagið Vogar,2024,Fjölbýli,547300,872,627.6376146788991
Sveitarfélagið Árborg,2006,Einbýli,29700,148,200.67567567567568
Sveitarfélagið Árborg,2006,Fjölbýli,46500,209,222.48803827751198
Sveitarfélagið Árborg,2007,Fjölbýli,59900,285,210.17543859649123
Sveitarfélagið Árborg,2007,Sumarhús,28000,105,266.6666666666667
Sveitarfélagið Árborg,2007,Sérbýli,15200,72,211.11111111111111
Sveitarfélagið Árborg,2008,Einbýli,25000,110,227.27272727272728
Sveitarfélagið Árborg,2008,Fjölbýli,144500,649,222.6502311248074
Sveitarfélagið Árborg,2008,Sérbýli,42000,177,237.28813559322035
Sveitarfélagið Árborg,2010,Atvinnuhúsnæði,3000,14,214.28571428571428
Sveitarfélagið Árborg,2011,Sérbýli,15300,72,212.5
Sveitarfélagið Árborg,2012,Sérbýli,19258,91,211.62637362637363
Sveitarfélagið Árborg,2013,Einbýli,43500,214,203.2710280373832
Sveitarfélagið Árborg,2013,Fjölbýli,20400,95,214.73684210526315
Sveitarfélagið Árborg,2013,Sumarhús,3700,18,205.55555555555554
Sveitarfélagið Árborg,2013,Sérbýli,21300,100,213
Sveitarfélagið Árborg,2014,Atvinnuhúsnæði,226000,1086,208.10313075506446
Sveitarfélagið Árborg,2014,Fjölbýli,19000,95,200
Sveitarfélagið Árborg,2014,Sérbýli,74300,353,210.4815864022663
Sveitarfélagið Árborg,2015,Fjölbýli,42100,190,221.57894736842104
Sveitarfélagið Árborg,2015,Sérbýli,145543,656,221.8643292682927
Sveitarfélagið Árborg,2016,Einbýli,212450,990,214.59595959595958
Sveitarfélagið Árborg,2016,Fjölbýli,75300,278,270.863309352518
Sveitarfélagið Árborg,2016,Sérbýli,369000,1504,245.34574468085106
Sveitarfélagið Árborg,2017,Atvinnuhúsnæði,360000,1086,331.49171270718233
Sveitarfélagið Árborg,2017,Einbýli,346000,1354,255.53914327917283
Sveitarfélagið Árborg,2017,Fjölbýli,327437,1292,253.43421052631578
Sveitarfélagið Árborg,2017,Sumarhús,17000,61,278.6885245901639
Sveitarfélagið Árborg,2017,Sérbýli,224650,801,280.46192259675405
Sveitarfélagið Árborg,2018,Einbýli,470300,1931,243.55256343863283
Sveitarfélagið Árborg,2018,Fjölbýli,146400,532,275.187969924812
Sveitarfélagið Árborg,2018,Sérbýli,598200,1994,300
Sveitarfélagið Árborg,2019,Einbýli,540600,2069,261.28564523924604
Sveitarfélagið Árborg,2019,Fjölbýli,301000,819,367.5213675213675
Sveitarfélagið Árborg,2019,Sérbýli,937600,2970,315.6902356902357
Sveitarfélagið Árborg,2020,Atvinnuhúsnæði,352000,1214,289.9505766062603
Sveitarfélagið Árborg,2020,Einbýli,1484800,5191,286.0335195530726
Sveitarfélagið Árborg,2020,Fjölbýli,438550,1452,302.03168044077137
Sveitarfélagið Árborg,2020,Sérbýli,13381500,47830,279.7721095546728
Sveitarfélagið Árborg,2021,Annað,1000000,940,1063.8297872340424
Sveitarfélagið Árborg,2021,Atvinnuhúsnæði,791500,3504,225.88470319634703
Sveitarfélagið Árborg,2021,Einbýli,682950,1914,356.8181818181818
Sveitarfélagið Árborg,2021,Fjölbýli,837750,2114,396.28666035950806
Sveitarfélagið Árborg,2021,Sérbýli,1547099,3918,394.86957631444614
Sveitarfélagið Árborg,2022,Atvinnuhúsnæði,178000,676,263.31360946745565
Sveitarfélagið Árborg,2022,Einbýli,1028400,2636,390.1365705614568
Sveitarfélagið Árborg,2022,Fjölbýli,647300,1491,434.1381623071764
Sveitarfélagið Árborg,2022,Sérbýli,917650,1989,461.3624937154349
Sveitarfélagið Árborg,2023,Atvinnuhúsnæði,189500,758,250
Sveitarfélagið Árborg,2023,Einbýli,438400,964,454.7717842323651
Sveitarfélagið Árborg,2023,Fjölbýli,3948400,7638,516.9416077507201
Sveitarfélagið Árborg,2023,Sérbýli,1139200,2707,420.8348725526413
Sveitarfélagið Árborg,2024,Annað,83100,343,242.2740524781341
Sveitarfélagið Árborg,2024,Atvinnuhúsnæði,330200,1084,304.6125461254613
Sveitarfélagið Árborg,2024,Bílskúr/skúr,168500,216,780.0925925925926
Sveitarfélagið Árborg,2024,Einbýli,949900,1820,521.9230769230769
Sveitarfélagið Árborg,2024,Fjölbýli,580000,1005,577.1144278606965
Sveitarfélagið Árborg,2024,Sumarhús,31500,43,732.5581395348837
Sveitarfélagið Árborg,2024,Sérbýli,2164790,4271,506.8578787169281
Sveitarfélagið Ölfus,2006,Sérbýli,29900,149,200.6711409395973
Sveitarfélagið Ölfus,2018,Einbýli,37700,188,200.53191489361703
Sveitarfélagið Ölfus,2018,Fjölbýli,18500,83,222.89156626506025
Sveitarfélagið Ölfus,2019,Einbýli,129500,596,217.28187919463087
Sveitarfélagið Ölfus,2019,Sérbýli,133200,512,260.15625
Sveitarfélagið Ölfus,2020,Einbýli,140000,500,280
Sveitarfélagið Ölfus,2020,Fjölbýli,112800,340,331.7647058823529
Sveitarfélagið Ölfus,2020,Sérbýli,168200,607,277.1004942339374
Sveitarfélagið Ölfus,2021,Einbýli,364750,1428,255.42717086834733
Sveitarfélagið Ölfus,2021,Sérbýli,127800,417,306.47482014388487
Sveitarfélagið Ölfus,2022,Einbýli,247900,587,422.3168654173765
Sveitarfélagið Ölfus,2022,Fjölbýli,65800,145,453.7931034482759
Sveitarfélagið Ölfus,2022,Sérbýli,375450,782,480.1150895140665
Sveitarfélagið Ölfus,2023,Annað,185000,593,311.97301854974705
Sveitarfélagið Ölfus,2023,Einbýli,364200,1042,349.5201535508637
Sveitarfélagið Ölfus,2023,Fjölbýli,69500,145,479.3103448275862
Sveitarfélagið Ölfus,2023,Sumarhús,920000,1570,585.9872611464968
Sveitarfélagið Ölfus,2023,Sérbýli,57000,166,343.3734939759036
Sveitarfélagið Ölfus,2024,Annað,3500,12,291.6666666666667
Sveitarfélagið Ölfus,2024,Atvinnuhúsnæði,85000,317,268.13880126182966
Sveitarfélagið Ölfus,2024,Einbýli,934350,2368,394.57347972972974
Sveitarfélagið Ölfus,2024,Fjölbýli,38000,62,612.9032258064516
Sveitarfélagið Ölfus,2024,Sérbýli,507100,1207,420.13256006628
Vestmannaeyjabær,2010,Fjölbýli,25250,121,208.67768595041323
Vestmannaeyjabær,2012,Sumarhús,12500,46,271.7391304347826
Vestmannaeyjabær,2012,Sérbýli,36500,168,217.26190476190476
Vestmannaeyjabær,2013,Sumarhús,12500,46,271.7391304347826
Vestmannaeyjabær,2013,Sérbýli,34729,168,206.7202380952381
Vestmannaeyjabær,2014,Fjölbýli,20000,100,200
Vestmannaeyjabær,2016,Fjölbýli,612700,600,1021.1666666666666
Vestmannaeyjabær,2016,Sumarhús,15000,51,294.11764705882354
Vestmannaeyjabær,2017,Fjölbýli,86400,373,231.6353887399464
Vestmannaeyjabær,2017,Sumarhús,13500,46,293.4782608695652
Vestmannaeyjabær,2018,Einbýli,51500,200,257.5
Vestmannaeyjabær,2018,Fjölbýli,39500,168,235.11904761904762
Vestmannaeyjabær,2018,Sérbýli,35200,158,222.78481012658227
Vestmannaeyjabær,2019,Einbýli,82500,374,220.58823529411765
Vestmannaeyjabær,2019,Fjölbýli,92800,276,336.231884057971
Vestmannaeyjabær,2019,Sérbýli,34500,137,251.82481751824818
Vestmannaeyjabær,2020,Einbýli,205500,797,257.8419071518193
Vestmannaeyjabær,2020,Fjölbýli,109300,427,255.97189695550352
Vestmannaeyjabær,2020,Sumarhús,18500,46,402.17391304347825
Vestmannaeyjabær,2021,Atvinnuhúsnæði,23500,110,213.63636363636363
Vestmannaeyjabær,2021,Einbýli,158000,671,235.4694485842027
Vestmannaeyjabær,2021,Fjölbýli,198550,664,299.0210843373494
Vestmannaeyjabær,2021,Sérbýli,325586,912,357.00219298245617
Vestmannaeyjabær,2022,Einbýli,748900,1888,396.6631355932203
Vestmannaeyjabær,2022,Fjölbýli,247800,838,295.7040572792363
Vestmannaeyjabær,2022,Sérbýli,54900,162,338.8888888888889
Vestmannaeyjabær,2023,Atvinnuhúsnæði,344000,1279,268.9601250977326
Vestmannaeyjabær,2023,Einbýli,198000,632,313.2911392405063
Vestmannaeyjabær,2023,Fjölbýli,123000,260,473.0769230769231
Vestmannaeyjabær,2023,Sérbýli,266500,675,394.81481481481484
Vestmannaeyjabær,2024,Einbýli,291400,902,323.059866962306
Vestmannaeyjabær,2024,Fjölbýli,122800,210,584.7619047619048
Vestmannaeyjabær,2024,Sumarhús,50000,80,625
Vestmannaeyjabær,2024,Sérbýli,90000,150,600
Vesturbyggð,2019,Einbýli,22500,108,208.33333333333334
Vesturbyggð,2021,Einbýli,25000,104,240.3846153846154
Vesturbyggð,2021,Sérbýli,40000,130,307.6923076923077
Vesturbyggð,2022,Sérbýli,40000,130,307.6923076923077
Vesturbyggð,2023,Einbýli,60000,239,251.0460251046025
Vesturbyggð,2023,Fjölbýli,35000,110,318.1818181818182
Vesturbyggð,2024,Einbýli,31000,124,250
Vopnafjarðarhreppur,2008,Annað,73480,82,896.0975609756098
Vopnafjarðarhreppur,2021,Sérbýli,104996,268,391.7761194029851
Árneshreppur,2021,Annað,77500,308,251.62337662337663
Ásahreppur,2007,Annað,3200,12,266.6666666666667
Ásahreppur,2019,Sumarhús,21000,47,446.8085106382979
Ásahreppur,2020,Sumarhús,18500,55,336.3636363636364
Ásahreppur,2021,Sumarhús,24000,55,436.3636363636364
Ásahreppur,2022,Einbýli,78000,222,351.35135135135135
Ísafjarðarbær,2014,Sumarhús,15300,66,231.8181818181818
Ísafjarðarbær,2017,Sumarhús,5500,24,229.16666666666666
Ísafjarðarbær,2018,Fjölbýli,37200,169,220.11834319526628
Ísafjarðarbær,2019,Fjölbýli,12500,55,227.27272727272728
Ísafjarðarbær,2019,Sérbýli,23900,118,202.54237288135593
Ísafjarðarbær,2020,Einbýli,230000,970,237.11340206185568
Ísafjarðarbær,2020,Fjölbýli,66000,184,358.69565217391306
Ísafjarðarbær,2021,Atvinnuhúsnæði,550000,1462,376.1969904240766
Ísafjarðarbær,2021,Einbýli,186300,710,262.3943661971831
Ísafjarðarbær,2021,Fjölbýli,82400,328,251.21951219512195
Ísafjarðarbær,2021,Sumarhús,27000,99,272.72727272727275
Ísafjarðarbær,2021,Sérbýli,28600,118,242.3728813559322
Ísafjarðarbær,2022,Fjölbýli,160200,620,258.38709677419354
Ísafjarðarbær,2022,Sumarhús,23900,66,362.1212121212121
Ísafjarðarbær,2023,Einbýli,148300,559,265.29516994633275
Ísafjarðarbær,2023,Fjölbýli,146120,359,407.0194986072423
Ísafjarðarbær,2024,Einbýli,170000,573,296.68411867364745
Ísafjarðarbær,2024,Fjölbýli,128200,385,332.987012987013
Ísafjarðarbær,2024,Sumarhús,173500,355,488.7323943661972
Ísafjarðarbær,2024,Sérbýli,55000,214,257.0093457943925
Þingeyjarsveit,2014,Sumarhús,3600,15,240
Þingeyjarsveit,2016,Sumarhús,9500,41,231.70731707317074
Þingeyjarsveit,2017,Sumarhús,17000,58,293.1034482758621
Þingeyjarsveit,2018,Einbýli,18500,80,231.25
Þingeyjarsveit,2018,Sumarhús,34800,109,319.26605504587155
Þingeyjarsveit,2019,Sérbýli,124500,109,1142.2018348623853
Þingeyjarsveit,2021,Einbýli,19400,86,225.58139534883722
Þingeyjarsveit,2021,Sumarhús,64600,157,411.4649681528662
Þingeyjarsveit,2022,Einbýli,34000,113,300.88495575221236
Þingeyjarsveit,2022,Sumarhús,57000,106,537.7358490566038
Þingeyjarsveit,2023,Einbýli,40000,119,336.1344537815126
Þingeyjarsveit,2023,Sumarhús,21350,44,485.22727272727275
Þingeyjarsveit,2024,Einbýli,48000,144,333.3333333333333
